gen,dex,level,move_name
1,112,30,STOMP
1,112,35,TAIL_WHIP
1,112,40,FURY_ATTACK
1,112,48,HORN_DRILL
1,112,55,LEER
1,112,64,TAKE_DOWN
1,115,26,BITE
1,115,31,TAIL_WHIP
1,115,36,MEGA_PUNCH
1,115,41,LEER
1,115,46,DIZZY_PUNCH
1,32,8,HORN_ATTACK
1,32,14,POISON_STING
1,32,21,FOCUS_ENERGY
1,32,29,FURY_ATTACK
1,32,36,HORN_DRILL
1,32,43,DOUBLE_KICK
1,35,13,SING
1,35,18,DOUBLESLAP
1,35,24,MINIMIZE
1,35,31,METRONOME
1,35,39,DEFENSE_CURL
1,35,48,LIGHT_SCREEN
1,21,9,LEER
1,21,15,FURY_ATTACK
1,21,22,MIRROR_MOVE
1,21,29,DRILL_PECK
1,21,36,AGILITY
1,100,17,SONICBOOM
1,100,22,SELFDESTRUCT
1,100,29,LIGHT_SCREEN
1,100,36,SWIFT
1,100,43,EXPLOSION
1,34,8,HORN_ATTACK
1,34,14,POISON_STING
1,34,23,THRASH
1,80,18,DISABLE
1,80,22,HEADBUTT
1,80,27,GROWL
1,80,33,WATER_GUN
1,80,37,WITHDRAW
1,80,44,AMNESIA
1,80,55,PSYCHIC_M
1,2,7,LEECH_SEED
1,2,13,VINE_WHIP
1,2,22,POISONPOWDER
1,2,30,RAZOR_LEAF
1,2,38,GROWTH
1,2,46,SLEEP_POWDER
1,2,54,SOLARBEAM
1,103,28,STOMP
1,108,7,STOMP
1,108,15,DISABLE
1,108,23,DEFENSE_CURL
1,108,31,SLAM
1,108,39,SCREECH
1,102,25,REFLECT
1,102,28,LEECH_SEED
1,102,32,STUN_SPORE
1,102,37,POISONPOWDER
1,102,42,SOLARBEAM
1,102,48,SLEEP_POWDER
1,88,30,POISON_GAS
1,88,33,MINIMIZE
1,88,37,SLUDGE
1,88,42,HARDEN
1,88,48,SCREECH
1,88,55,ACID_ARMOR
1,94,29,HYPNOSIS
1,94,38,DREAM_EATER
1,29,8,SCRATCH
1,29,14,POISON_STING
1,29,21,TAIL_WHIP
1,29,29,BITE
1,29,36,FURY_SWIPES
1,29,43,DOUBLE_KICK
1,31,8,SCRATCH
1,31,14,POISON_STING
1,31,23,BODY_SLAM
1,104,25,LEER
1,104,31,FOCUS_ENERGY
1,104,38,THRASH
1,104,43,BONEMERANG
1,104,46,RAGE
1,111,30,STOMP
1,111,35,TAIL_WHIP
1,111,40,FURY_ATTACK
1,111,45,HORN_DRILL
1,111,50,LEER
1,111,55,TAKE_DOWN
1,131,16,SING
1,131,20,MIST
1,131,25,BODY_SLAM
1,131,31,CONFUSE_RAY
1,131,38,ICE_BEAM
1,131,46,HYDRO_PUMP
1,151,10,TRANSFORM
1,151,20,MEGA_PUNCH
1,151,30,METRONOME
1,151,40,PSYCHIC_M
1,130,20,BITE
1,130,25,DRAGON_RAGE
1,130,32,LEER
1,130,41,HYDRO_PUMP
1,130,52,HYPER_BEAM
1,90,18,SUPERSONIC
1,90,23,CLAMP
1,90,30,AURORA_BEAM
1,90,39,LEER
1,90,50,ICE_BEAM
1,72,7,SUPERSONIC
1,72,13,WRAP
1,72,18,POISON_STING
1,72,22,WATER_GUN
1,72,27,CONSTRICT
1,72,33,BARRIER
1,72,40,SCREECH
1,72,48,HYDRO_PUMP
1,92,27,HYPNOSIS
1,92,35,DREAM_EATER
1,123,17,LEER
1,123,20,FOCUS_ENERGY
1,123,24,DOUBLE_TEAM
1,123,29,SLASH
1,123,35,SWORDS_DANCE
1,123,42,AGILITY
1,120,17,WATER_GUN
1,120,22,HARDEN
1,120,27,RECOVER
1,120,32,SWIFT
1,120,37,MINIMIZE
1,120,42,LIGHT_SCREEN
1,120,47,HYDRO_PUMP
1,9,8,BUBBLE
1,9,15,WATER_GUN
1,9,24,BITE
1,9,31,WITHDRAW
1,9,42,SKULL_BASH
1,9,52,HYDRO_PUMP
1,127,25,SEISMIC_TOSS
1,127,30,GUILLOTINE
1,127,36,FOCUS_ENERGY
1,127,43,HARDEN
1,127,49,SLASH
1,127,54,SWORDS_DANCE
1,114,29,ABSORB
1,114,32,POISONPOWDER
1,114,36,STUN_SPORE
1,114,39,SLEEP_POWDER
1,114,45,SLAM
1,114,49,GROWTH
1,58,18,EMBER
1,58,23,LEER
1,58,30,TAKE_DOWN
1,58,39,AGILITY
1,58,50,FLAMETHROWER
1,95,15,BIND
1,95,19,ROCK_THROW
1,95,25,RAGE
1,95,33,SLAM
1,95,43,HARDEN
1,22,9,LEER
1,22,15,FURY_ATTACK
1,22,25,MIRROR_MOVE
1,22,34,DRILL_PECK
1,22,43,AGILITY
1,16,5,SAND_ATTACK
1,16,12,QUICK_ATTACK
1,16,19,WHIRLWIND
1,16,28,WING_ATTACK
1,16,36,AGILITY
1,16,44,MIRROR_MOVE
1,79,18,DISABLE
1,79,22,HEADBUTT
1,79,27,GROWL
1,79,33,WATER_GUN
1,79,40,AMNESIA
1,79,48,PSYCHIC_M
1,64,16,CONFUSION
1,64,20,DISABLE
1,64,27,PSYBEAM
1,64,31,RECOVER
1,64,38,PSYCHIC_M
1,64,42,REFLECT
1,75,11,DEFENSE_CURL
1,75,16,ROCK_THROW
1,75,21,SELFDESTRUCT
1,75,29,HARDEN
1,75,36,EARTHQUAKE
1,75,43,EXPLOSION
1,113,24,SING
1,113,30,GROWL
1,113,38,MINIMIZE
1,113,44,DEFENSE_CURL
1,113,48,LIGHT_SCREEN
1,113,54,DOUBLE_EDGE
1,67,20,LOW_KICK
1,67,25,LEER
1,67,36,FOCUS_ENERGY
1,67,44,SEISMIC_TOSS
1,67,52,SUBMISSION
1,122,15,CONFUSION
1,122,23,LIGHT_SCREEN
1,122,31,DOUBLESLAP
1,122,39,MEDITATE
1,122,47,SUBSTITUTE
1,106,33,ROLLING_KICK
1,106,38,JUMP_KICK
1,106,43,FOCUS_ENERGY
1,106,48,HI_JUMP_KICK
1,106,53,MEGA_KICK
1,107,33,FIRE_PUNCH
1,107,38,ICE_PUNCH
1,107,43,THUNDERPUNCH
1,107,48,MEGA_PUNCH
1,107,53,COUNTER
1,24,10,POISON_STING
1,24,17,BITE
1,24,27,GLARE
1,24,36,SCREECH
1,24,47,ACID
1,47,13,STUN_SPORE
1,47,20,LEECH_LIFE
1,47,30,SPORE
1,47,39,SLASH
1,47,48,GROWTH
1,54,28,TAIL_WHIP
1,54,31,DISABLE
1,54,36,CONFUSION
1,54,43,FURY_SWIPES
1,54,52,HYDRO_PUMP
1,96,12,DISABLE
1,96,17,CONFUSION
1,96,24,HEADBUTT
1,96,29,POISON_GAS
1,96,32,PSYCHIC_M
1,96,37,MEDITATE
1,76,11,DEFENSE_CURL
1,76,16,ROCK_THROW
1,76,21,SELFDESTRUCT
1,76,29,HARDEN
1,76,36,EARTHQUAKE
1,76,43,EXPLOSION
1,126,36,LEER
1,126,39,CONFUSE_RAY
1,126,43,FIRE_PUNCH
1,126,48,SMOKESCREEN
1,126,52,SMOG
1,126,55,FLAMETHROWER
1,125,34,THUNDERSHOCK
1,125,37,SCREECH
1,125,42,THUNDERPUNCH
1,125,49,LIGHT_SCREEN
1,125,54,THUNDER
1,82,21,SONICBOOM
1,82,25,THUNDERSHOCK
1,82,29,SUPERSONIC
1,82,38,THUNDER_WAVE
1,82,46,SWIFT
1,82,54,SCREECH
1,109,32,SLUDGE
1,109,37,SMOKESCREEN
1,109,40,SELFDESTRUCT
1,109,45,HAZE
1,109,48,EXPLOSION
1,56,15,KARATE_CHOP
1,56,21,FURY_SWIPES
1,56,27,FOCUS_ENERGY
1,56,33,SEISMIC_TOSS
1,56,39,THRASH
1,86,30,GROWL
1,86,35,AURORA_BEAM
1,86,40,REST
1,86,45,TAKE_DOWN
1,86,50,ICE_BEAM
1,50,15,GROWL
1,50,19,DIG
1,50,24,SAND_ATTACK
1,50,31,SLASH
1,50,40,EARTHQUAKE
1,128,21,STOMP
1,128,28,TAIL_WHIP
1,128,35,LEER
1,128,44,RAGE
1,128,51,TAKE_DOWN
1,83,7,LEER
1,83,15,FURY_ATTACK
1,83,23,SWORDS_DANCE
1,83,31,AGILITY
1,83,39,SLASH
1,48,24,POISONPOWDER
1,48,27,LEECH_LIFE
1,48,30,STUN_SPORE
1,48,35,PSYBEAM
1,48,38,SLEEP_POWDER
1,48,43,PSYCHIC_M
1,149,10,THUNDER_WAVE
1,149,20,AGILITY
1,149,35,SLAM
1,149,45,DRAGON_RAGE
1,149,60,HYPER_BEAM
1,84,20,GROWL
1,84,24,FURY_ATTACK
1,84,30,DRILL_PECK
1,84,36,RAGE
1,84,40,TRI_ATTACK
1,84,44,AGILITY
1,60,16,HYPNOSIS
1,60,19,WATER_GUN
1,60,25,DOUBLESLAP
1,60,31,BODY_SLAM
1,60,38,AMNESIA
1,60,45,HYDRO_PUMP
1,124,18,LICK
1,124,23,DOUBLESLAP
1,124,31,ICE_PUNCH
1,124,39,BODY_SLAM
1,124,47,THRASH
1,124,58,BLIZZARD
1,146,51,LEER
1,146,55,AGILITY
1,146,60,SKY_ATTACK
1,144,51,BLIZZARD
1,144,55,AGILITY
1,144,60,MIST
1,145,51,THUNDER
1,145,55,AGILITY
1,145,60,LIGHT_SCREEN
1,52,12,BITE
1,52,17,PAY_DAY
1,52,24,SCREECH
1,52,33,FURY_SWIPES
1,52,44,SLASH
1,98,20,VICEGRIP
1,98,25,GUILLOTINE
1,98,30,STOMP
1,98,35,CRABHAMMER
1,98,40,HARDEN
1,37,16,QUICK_ATTACK
1,37,21,ROAR
1,37,28,CONFUSE_RAY
1,37,35,FLAMETHROWER
1,37,42,FIRE_SPIN
1,25,9,THUNDER_WAVE
1,25,16,QUICK_ATTACK
1,25,26,SWIFT
1,25,33,AGILITY
1,25,43,THUNDER
1,147,10,THUNDER_WAVE
1,147,20,AGILITY
1,147,30,SLAM
1,147,40,DRAGON_RAGE
1,147,50,HYPER_BEAM
1,148,10,THUNDER_WAVE
1,148,20,AGILITY
1,148,35,SLAM
1,148,45,DRAGON_RAGE
1,148,55,HYPER_BEAM
1,140,34,ABSORB
1,140,39,SLASH
1,140,44,LEER
1,140,49,HYDRO_PUMP
1,141,34,ABSORB
1,141,39,SLASH
1,141,46,LEER
1,141,53,HYDRO_PUMP
1,116,19,SMOKESCREEN
1,116,24,LEER
1,116,30,WATER_GUN
1,116,37,AGILITY
1,116,45,HYDRO_PUMP
1,117,19,SMOKESCREEN
1,117,24,LEER
1,117,30,WATER_GUN
1,117,41,AGILITY
1,117,52,HYDRO_PUMP
1,27,10,SAND_ATTACK
1,27,17,SLASH
1,27,24,POISON_STING
1,27,31,SWIFT
1,27,38,FURY_SWIPES
1,28,10,SAND_ATTACK
1,28,17,SLASH
1,28,27,POISON_STING
1,28,36,SWIFT
1,28,47,FURY_SWIPES
1,138,34,HORN_ATTACK
1,138,39,LEER
1,138,46,SPIKE_CANNON
1,138,53,HYDRO_PUMP
1,139,34,HORN_ATTACK
1,139,39,LEER
1,139,44,SPIKE_CANNON
1,139,49,HYDRO_PUMP
1,39,9,POUND
1,39,14,DISABLE
1,39,19,DEFENSE_CURL
1,39,24,DOUBLESLAP
1,39,29,REST
1,39,34,BODY_SLAM
1,39,39,DOUBLE_EDGE
1,133,27,QUICK_ATTACK
1,133,31,TAIL_WHIP
1,133,37,BITE
1,133,45,TAKE_DOWN
1,136,27,QUICK_ATTACK
1,136,31,EMBER
1,136,37,TAIL_WHIP
1,136,40,BITE
1,136,42,LEER
1,136,44,FIRE_SPIN
1,136,48,RAGE
1,136,54,FLAMETHROWER
1,135,27,QUICK_ATTACK
1,135,31,THUNDERSHOCK
1,135,37,TAIL_WHIP
1,135,40,THUNDER_WAVE
1,135,42,DOUBLE_KICK
1,135,44,AGILITY
1,135,48,PIN_MISSILE
1,135,54,THUNDER
1,134,27,QUICK_ATTACK
1,134,31,WATER_GUN
1,134,37,TAIL_WHIP
1,134,40,BITE
1,134,42,ACID_ARMOR
1,134,44,HAZE
1,134,48,MIST
1,134,54,HYDRO_PUMP
1,66,20,LOW_KICK
1,66,25,LEER
1,66,32,FOCUS_ENERGY
1,66,39,SEISMIC_TOSS
1,66,46,SUBMISSION
1,41,10,SUPERSONIC
1,41,15,BITE
1,41,21,CONFUSE_RAY
1,41,28,WING_ATTACK
1,41,36,HAZE
1,23,10,POISON_STING
1,23,17,BITE
1,23,24,GLARE
1,23,31,SCREECH
1,23,38,ACID
1,46,13,STUN_SPORE
1,46,20,LEECH_LIFE
1,46,27,SPORE
1,46,34,SLASH
1,46,41,GROWTH
1,61,16,HYPNOSIS
1,61,19,WATER_GUN
1,61,26,DOUBLESLAP
1,61,33,BODY_SLAM
1,61,41,AMNESIA
1,61,49,HYDRO_PUMP
1,62,16,HYPNOSIS
1,62,19,WATER_GUN
1,15,12,FURY_ATTACK
1,15,16,FOCUS_ENERGY
1,15,20,TWINEEDLE
1,15,25,RAGE
1,15,30,PIN_MISSILE
1,15,35,AGILITY
1,85,20,GROWL
1,85,24,FURY_ATTACK
1,85,30,DRILL_PECK
1,85,39,RAGE
1,85,45,TRI_ATTACK
1,85,51,AGILITY
1,57,15,KARATE_CHOP
1,57,21,FURY_SWIPES
1,57,27,FOCUS_ENERGY
1,57,37,SEISMIC_TOSS
1,57,46,THRASH
1,51,15,GROWL
1,51,19,DIG
1,51,24,SAND_ATTACK
1,51,35,SLASH
1,51,47,EARTHQUAKE
1,49,24,POISONPOWDER
1,49,27,LEECH_LIFE
1,49,30,STUN_SPORE
1,49,38,PSYBEAM
1,49,43,SLEEP_POWDER
1,49,50,PSYCHIC_M
1,87,30,GROWL
1,87,35,AURORA_BEAM
1,87,44,REST
1,87,50,TAKE_DOWN
1,87,56,ICE_BEAM
1,12,12,CONFUSION
1,12,15,POISONPOWDER
1,12,16,STUN_SPORE
1,12,17,SLEEP_POWDER
1,12,21,SUPERSONIC
1,12,26,WHIRLWIND
1,12,32,PSYBEAM
1,68,20,LOW_KICK
1,68,25,LEER
1,68,36,FOCUS_ENERGY
1,68,44,SEISMIC_TOSS
1,68,52,SUBMISSION
1,55,28,TAIL_WHIP
1,55,31,DISABLE
1,55,39,CONFUSION
1,55,48,FURY_SWIPES
1,55,59,HYDRO_PUMP
1,97,12,DISABLE
1,97,17,CONFUSION
1,97,24,HEADBUTT
1,97,33,POISON_GAS
1,97,37,PSYCHIC_M
1,97,43,MEDITATE
1,42,10,SUPERSONIC
1,42,15,BITE
1,42,21,CONFUSE_RAY
1,42,32,WING_ATTACK
1,42,43,HAZE
1,150,63,BARRIER
1,150,66,PSYCHIC_M
1,150,70,RECOVER
1,150,75,MIST
1,150,81,AMNESIA
1,143,35,BODY_SLAM
1,143,41,HARDEN
1,143,48,DOUBLE_EDGE
1,143,56,HYPER_BEAM
1,129,15,TACKLE
1,89,30,POISON_GAS
1,89,33,MINIMIZE
1,89,37,SLUDGE
1,89,45,HARDEN
1,89,53,SCREECH
1,89,60,ACID_ARMOR
1,99,20,VICEGRIP
1,99,25,GUILLOTINE
1,99,34,STOMP
1,99,42,CRABHAMMER
1,99,49,HARDEN
1,91,50,SPIKE_CANNON
1,101,17,SONICBOOM
1,101,22,SELFDESTRUCT
1,101,29,LIGHT_SCREEN
1,101,40,SWIFT
1,101,50,EXPLOSION
1,110,32,SLUDGE
1,110,39,SMOKESCREEN
1,110,43,SELFDESTRUCT
1,110,49,HAZE
1,110,53,EXPLOSION
1,53,12,BITE
1,53,17,PAY_DAY
1,53,24,SCREECH
1,53,37,FURY_SWIPES
1,53,51,SLASH
1,105,25,LEER
1,105,33,FOCUS_ENERGY
1,105,41,THRASH
1,105,48,BONEMERANG
1,105,55,RAGE
1,93,29,HYPNOSIS
1,93,38,DREAM_EATER
1,65,16,CONFUSION
1,65,20,DISABLE
1,65,27,PSYBEAM
1,65,31,RECOVER
1,65,38,PSYCHIC_M
1,65,42,REFLECT
1,17,5,SAND_ATTACK
1,17,12,QUICK_ATTACK
1,17,21,WHIRLWIND
1,17,31,WING_ATTACK
1,17,40,AGILITY
1,17,49,MIRROR_MOVE
1,18,5,SAND_ATTACK
1,18,12,QUICK_ATTACK
1,18,21,WHIRLWIND
1,18,31,WING_ATTACK
1,18,44,AGILITY
1,18,54,MIRROR_MOVE
1,1,7,LEECH_SEED
1,1,13,VINE_WHIP
1,1,20,POISONPOWDER
1,1,27,RAZOR_LEAF
1,1,34,GROWTH
1,1,41,SLEEP_POWDER
1,1,48,SOLARBEAM
1,3,7,LEECH_SEED
1,3,13,VINE_WHIP
1,3,22,POISONPOWDER
1,3,30,RAZOR_LEAF
1,3,43,GROWTH
1,3,55,SLEEP_POWDER
1,3,65,SOLARBEAM
1,73,7,SUPERSONIC
1,73,13,WRAP
1,73,18,POISON_STING
1,73,22,WATER_GUN
1,73,27,CONSTRICT
1,73,35,BARRIER
1,73,43,SCREECH
1,73,50,HYDRO_PUMP
1,118,19,SUPERSONIC
1,118,24,HORN_ATTACK
1,118,30,FURY_ATTACK
1,118,37,WATERFALL
1,118,45,HORN_DRILL
1,118,54,AGILITY
1,119,19,SUPERSONIC
1,119,24,HORN_ATTACK
1,119,30,FURY_ATTACK
1,119,39,WATERFALL
1,119,48,HORN_DRILL
1,119,54,AGILITY
1,77,30,TAIL_WHIP
1,77,32,STOMP
1,77,35,GROWL
1,77,39,FIRE_SPIN
1,77,43,TAKE_DOWN
1,77,48,AGILITY
1,78,30,TAIL_WHIP
1,78,32,STOMP
1,78,35,GROWL
1,78,39,FIRE_SPIN
1,78,47,TAKE_DOWN
1,78,55,AGILITY
1,19,7,QUICK_ATTACK
1,19,14,HYPER_FANG
1,19,23,FOCUS_ENERGY
1,19,34,SUPER_FANG
1,20,7,QUICK_ATTACK
1,20,14,HYPER_FANG
1,20,27,FOCUS_ENERGY
1,20,41,SUPER_FANG
1,33,8,HORN_ATTACK
1,33,14,POISON_STING
1,33,23,FOCUS_ENERGY
1,33,32,FURY_ATTACK
1,33,41,HORN_DRILL
1,33,50,DOUBLE_KICK
1,30,8,SCRATCH
1,30,14,POISON_STING
1,30,23,TAIL_WHIP
1,30,32,BITE
1,30,41,FURY_SWIPES
1,30,50,DOUBLE_KICK
1,74,11,DEFENSE_CURL
1,74,16,ROCK_THROW
1,74,21,SELFDESTRUCT
1,74,26,HARDEN
1,74,31,EARTHQUAKE
1,74,36,EXPLOSION
1,137,23,PSYBEAM
1,137,28,RECOVER
1,137,35,AGILITY
1,137,42,TRI_ATTACK
1,142,33,SUPERSONIC
1,142,38,BITE
1,142,45,TAKE_DOWN
1,142,54,HYPER_BEAM
1,81,21,SONICBOOM
1,81,25,THUNDERSHOCK
1,81,29,SUPERSONIC
1,81,35,THUNDER_WAVE
1,81,41,SWIFT
1,81,47,SCREECH
1,4,9,EMBER
1,4,15,LEER
1,4,22,RAGE
1,4,30,SLASH
1,4,38,FLAMETHROWER
1,4,46,FIRE_SPIN
1,7,8,BUBBLE
1,7,15,WATER_GUN
1,7,22,BITE
1,7,28,WITHDRAW
1,7,35,SKULL_BASH
1,7,42,HYDRO_PUMP
1,5,9,EMBER
1,5,15,LEER
1,5,24,RAGE
1,5,33,SLASH
1,5,42,FLAMETHROWER
1,5,56,FIRE_SPIN
1,8,8,BUBBLE
1,8,15,WATER_GUN
1,8,24,BITE
1,8,31,WITHDRAW
1,8,39,SKULL_BASH
1,8,47,HYDRO_PUMP
1,6,9,EMBER
1,6,15,LEER
1,6,24,RAGE
1,6,36,SLASH
1,6,46,FLAMETHROWER
1,6,55,FIRE_SPIN
1,43,15,POISONPOWDER
1,43,17,STUN_SPORE
1,43,19,SLEEP_POWDER
1,43,24,ACID
1,43,33,PETAL_DANCE
1,43,46,SOLARBEAM
1,44,15,POISONPOWDER
1,44,17,STUN_SPORE
1,44,19,SLEEP_POWDER
1,44,28,ACID
1,44,38,PETAL_DANCE
1,44,52,SOLARBEAM
1,45,15,POISONPOWDER
1,45,17,STUN_SPORE
1,45,19,SLEEP_POWDER
1,69,13,WRAP
1,69,15,POISONPOWDER
1,69,18,SLEEP_POWDER
1,69,21,STUN_SPORE
1,69,26,ACID
1,69,33,RAZOR_LEAF
1,69,42,SLAM
1,70,13,WRAP
1,70,15,POISONPOWDER
1,70,18,SLEEP_POWDER
1,70,23,STUN_SPORE
1,70,29,ACID
1,70,38,RAZOR_LEAF
1,70,49,SLAM
1,71,13,WRAP
1,71,15,POISONPOWDER
1,71,18,SLEEP_POWDER
2,1,1,TACKLE
2,1,4,GROWL
2,1,7,LEECH_SEED
2,1,10,VINE_WHIP
2,1,15,POISONPOWDER
2,1,15,SLEEP_POWDER
2,1,20,RAZOR_LEAF
2,1,25,SWEET_SCENT
2,1,32,GROWTH
2,1,39,SYNTHESIS
2,1,46,SOLARBEAM
2,2,1,TACKLE
2,2,1,GROWL
2,2,1,LEECH_SEED
2,2,4,GROWL
2,2,7,LEECH_SEED
2,2,10,VINE_WHIP
2,2,15,POISONPOWDER
2,2,15,SLEEP_POWDER
2,2,22,RAZOR_LEAF
2,2,29,SWEET_SCENT
2,2,38,GROWTH
2,2,47,SYNTHESIS
2,2,56,SOLARBEAM
2,3,1,TACKLE
2,3,1,GROWL
2,3,1,LEECH_SEED
2,3,1,VINE_WHIP
2,3,4,GROWL
2,3,7,LEECH_SEED
2,3,10,VINE_WHIP
2,3,15,POISONPOWDER
2,3,15,SLEEP_POWDER
2,3,22,RAZOR_LEAF
2,3,29,SWEET_SCENT
2,3,41,GROWTH
2,3,53,SYNTHESIS
2,3,65,SOLARBEAM
2,4,1,SCRATCH
2,4,1,GROWL
2,4,7,EMBER
2,4,13,SMOKESCREEN
2,4,19,RAGE
2,4,25,SCARY_FACE
2,4,31,FLAMETHROWER
2,4,37,SLASH
2,4,43,DRAGON_RAGE
2,4,49,FIRE_SPIN
2,5,1,SCRATCH
2,5,1,GROWL
2,5,1,EMBER
2,5,7,EMBER
2,5,13,SMOKESCREEN
2,5,20,RAGE
2,5,27,SCARY_FACE
2,5,34,FLAMETHROWER
2,5,41,SLASH
2,5,48,DRAGON_RAGE
2,5,55,FIRE_SPIN
2,6,1,SCRATCH
2,6,1,GROWL
2,6,1,EMBER
2,6,1,SMOKESCREEN
2,6,7,EMBER
2,6,13,SMOKESCREEN
2,6,20,RAGE
2,6,27,SCARY_FACE
2,6,34,FLAMETHROWER
2,6,36,WING_ATTACK
2,6,44,SLASH
2,6,54,DRAGON_RAGE
2,6,64,FIRE_SPIN
2,7,1,TACKLE
2,7,4,TAIL_WHIP
2,7,7,BUBBLE
2,7,10,WITHDRAW
2,7,13,WATER_GUN
2,7,18,BITE
2,7,23,RAPID_SPIN
2,7,28,PROTECT
2,7,33,RAIN_DANCE
2,7,40,SKULL_BASH
2,7,47,HYDRO_PUMP
2,8,1,TACKLE
2,8,1,TAIL_WHIP
2,8,1,BUBBLE
2,8,4,TAIL_WHIP
2,8,7,BUBBLE
2,8,10,WITHDRAW
2,8,13,WATER_GUN
2,8,19,BITE
2,8,25,RAPID_SPIN
2,8,31,PROTECT
2,8,37,RAIN_DANCE
2,8,45,SKULL_BASH
2,8,53,HYDRO_PUMP
2,9,1,TACKLE
2,9,1,TAIL_WHIP
2,9,1,BUBBLE
2,9,1,WITHDRAW
2,9,4,TAIL_WHIP
2,9,7,BUBBLE
2,9,10,WITHDRAW
2,9,13,WATER_GUN
2,9,19,BITE
2,9,25,RAPID_SPIN
2,9,31,PROTECT
2,9,42,RAIN_DANCE
2,9,55,SKULL_BASH
2,9,68,HYDRO_PUMP
2,10,1,TACKLE
2,10,1,STRING_SHOT
2,11,1,HARDEN
2,11,7,HARDEN
2,12,1,CONFUSION
2,12,10,CONFUSION
2,12,13,POISONPOWDER
2,12,14,STUN_SPORE
2,12,15,SLEEP_POWDER
2,12,18,SUPERSONIC
2,12,23,WHIRLWIND
2,12,28,GUST
2,12,34,PSYBEAM
2,12,40,SAFEGUARD
2,13,1,POISON_STING
2,13,1,STRING_SHOT
2,14,1,HARDEN
2,14,7,HARDEN
2,15,1,FURY_ATTACK
2,15,10,FURY_ATTACK
2,15,15,FOCUS_ENERGY
2,15,20,TWINEEDLE
2,15,25,RAGE
2,15,30,PURSUIT
2,15,35,PIN_MISSILE
2,15,40,AGILITY
2,16,1,TACKLE
2,16,5,SAND_ATTACK
2,16,9,GUST
2,16,15,QUICK_ATTACK
2,16,21,WHIRLWIND
2,16,29,WING_ATTACK
2,16,37,AGILITY
2,16,47,MIRROR_MOVE
2,17,1,TACKLE
2,17,1,SAND_ATTACK
2,17,1,GUST
2,17,5,SAND_ATTACK
2,17,9,GUST
2,17,15,QUICK_ATTACK
2,17,23,WHIRLWIND
2,17,33,WING_ATTACK
2,17,43,AGILITY
2,17,55,MIRROR_MOVE
2,18,1,TACKLE
2,18,1,SAND_ATTACK
2,18,1,GUST
2,18,1,QUICK_ATTACK
2,18,5,SAND_ATTACK
2,18,9,GUST
2,18,15,QUICK_ATTACK
2,18,23,WHIRLWIND
2,18,33,WING_ATTACK
2,18,46,AGILITY
2,18,61,MIRROR_MOVE
2,19,1,TACKLE
2,19,1,TAIL_WHIP
2,19,7,QUICK_ATTACK
2,19,13,HYPER_FANG
2,19,20,FOCUS_ENERGY
2,19,27,PURSUIT
2,19,34,SUPER_FANG
2,20,1,TACKLE
2,20,1,TAIL_WHIP
2,20,1,QUICK_ATTACK
2,20,7,QUICK_ATTACK
2,20,13,HYPER_FANG
2,20,20,SCARY_FACE
2,20,30,PURSUIT
2,20,40,SUPER_FANG
2,21,1,PECK
2,21,1,GROWL
2,21,7,LEER
2,21,13,FURY_ATTACK
2,21,25,PURSUIT
2,21,31,MIRROR_MOVE
2,21,37,DRILL_PECK
2,21,43,AGILITY
2,22,1,PECK
2,22,1,GROWL
2,22,1,LEER
2,22,1,FURY_ATTACK
2,22,7,LEER
2,22,13,FURY_ATTACK
2,22,26,PURSUIT
2,22,32,MIRROR_MOVE
2,22,40,DRILL_PECK
2,22,47,AGILITY
2,23,1,WRAP
2,23,1,LEER
2,23,9,POISON_STING
2,23,15,BITE
2,23,23,GLARE
2,23,29,SCREECH
2,23,37,ACID
2,23,43,HAZE
2,24,1,WRAP
2,24,1,LEER
2,24,1,POISON_STING
2,24,1,BITE
2,24,9,POISON_STING
2,24,15,BITE
2,24,25,GLARE
2,24,33,SCREECH
2,24,43,ACID
2,24,51,HAZE
2,25,1,THUNDERSHOCK
2,25,1,GROWL
2,25,6,TAIL_WHIP
2,25,8,THUNDER_WAVE
2,25,11,QUICK_ATTACK
2,25,15,DOUBLE_TEAM
2,25,20,SLAM
2,25,26,THUNDERBOLT
2,25,33,AGILITY
2,25,41,THUNDER
2,25,50,LIGHT_SCREEN
2,26,1,THUNDERSHOCK
2,26,1,TAIL_WHIP
2,26,1,QUICK_ATTACK
2,26,1,THUNDERBOLT
2,27,1,SCRATCH
2,27,6,DEFENSE_CURL
2,27,11,SAND_ATTACK
2,27,17,POISON_STING
2,27,23,SLASH
2,27,30,SWIFT
2,27,37,FURY_SWIPES
2,27,45,SANDSTORM
2,28,1,SCRATCH
2,28,1,DEFENSE_CURL
2,28,1,SAND_ATTACK
2,28,6,DEFENSE_CURL
2,28,11,SAND_ATTACK
2,28,17,POISON_STING
2,28,24,SLASH
2,28,33,SWIFT
2,28,42,FURY_SWIPES
2,28,52,SANDSTORM
2,29,1,GROWL
2,29,1,TACKLE
2,29,8,SCRATCH
2,29,12,DOUBLE_KICK
2,29,17,POISON_STING
2,29,23,TAIL_WHIP
2,29,30,BITE
2,29,38,FURY_SWIPES
2,30,1,GROWL
2,30,1,TACKLE
2,30,8,SCRATCH
2,30,12,DOUBLE_KICK
2,30,19,POISON_STING
2,30,27,TAIL_WHIP
2,30,36,BITE
2,30,46,FURY_SWIPES
2,31,1,TACKLE
2,31,1,SCRATCH
2,31,1,DOUBLE_KICK
2,31,1,TAIL_WHIP
2,31,23,BODY_SLAM
2,32,1,LEER
2,32,1,TACKLE
2,32,8,HORN_ATTACK
2,32,12,DOUBLE_KICK
2,32,17,POISON_STING
2,32,23,FOCUS_ENERGY
2,32,30,FURY_ATTACK
2,32,38,HORN_DRILL
2,33,1,LEER
2,33,1,TACKLE
2,33,8,HORN_ATTACK
2,33,12,DOUBLE_KICK
2,33,19,POISON_STING
2,33,27,FOCUS_ENERGY
2,33,36,FURY_ATTACK
2,33,46,HORN_DRILL
2,34,1,TACKLE
2,34,1,HORN_ATTACK
2,34,1,DOUBLE_KICK
2,34,1,POISON_STING
2,34,23,THRASH
2,35,1,POUND
2,35,1,GROWL
2,35,4,ENCORE
2,35,8,SING
2,35,13,DOUBLESLAP
2,35,19,MINIMIZE
2,35,26,DEFENSE_CURL
2,35,34,METRONOME
2,35,43,MOONLIGHT
2,35,53,LIGHT_SCREEN
2,36,1,SING
2,36,1,DOUBLESLAP
2,36,1,METRONOME
2,36,1,MOONLIGHT
2,37,1,EMBER
2,37,1,TAIL_WHIP
2,37,7,QUICK_ATTACK
2,37,13,ROAR
2,37,19,CONFUSE_RAY
2,37,25,SAFEGUARD
2,37,31,FLAMETHROWER
2,37,37,FIRE_SPIN
2,38,1,EMBER
2,38,1,QUICK_ATTACK
2,38,1,CONFUSE_RAY
2,38,1,SAFEGUARD
2,38,43,FIRE_SPIN
2,39,1,SING
2,39,4,DEFENSE_CURL
2,39,9,POUND
2,39,14,DISABLE
2,39,19,ROLLOUT
2,39,24,DOUBLESLAP
2,39,29,REST
2,39,34,BODY_SLAM
2,39,39,DOUBLE_EDGE
2,40,1,SING
2,40,1,DISABLE
2,40,1,DEFENSE_CURL
2,40,1,DOUBLESLAP
2,41,1,LEECH_LIFE
2,41,6,SUPERSONIC
2,41,12,BITE
2,41,19,CONFUSE_RAY
2,41,27,WING_ATTACK
2,41,36,MEAN_LOOK
2,41,46,HAZE
2,42,1,SCREECH
2,42,1,LEECH_LIFE
2,42,1,SUPERSONIC
2,42,6,SUPERSONIC
2,42,12,BITE
2,42,19,CONFUSE_RAY
2,42,30,WING_ATTACK
2,42,42,MEAN_LOOK
2,42,55,HAZE
2,43,1,ABSORB
2,43,7,SWEET_SCENT
2,43,14,POISONPOWDER
2,43,16,STUN_SPORE
2,43,18,SLEEP_POWDER
2,43,23,ACID
2,43,32,MOONLIGHT
2,43,39,PETAL_DANCE
2,44,1,ABSORB
2,44,1,SWEET_SCENT
2,44,1,POISONPOWDER
2,44,7,SWEET_SCENT
2,44,14,POISONPOWDER
2,44,16,STUN_SPORE
2,44,18,SLEEP_POWDER
2,44,24,ACID
2,44,35,MOONLIGHT
2,44,44,PETAL_DANCE
2,45,1,ABSORB
2,45,1,SWEET_SCENT
2,45,1,STUN_SPORE
2,45,1,PETAL_DANCE
2,46,1,SCRATCH
2,46,7,STUN_SPORE
2,46,13,POISONPOWDER
2,46,19,LEECH_LIFE
2,46,25,SPORE
2,46,31,SLASH
2,46,37,GROWTH
2,46,43,GIGA_DRAIN
2,47,1,SCRATCH
2,47,1,STUN_SPORE
2,47,1,POISONPOWDER
2,47,7,STUN_SPORE
2,47,13,POISONPOWDER
2,47,19,LEECH_LIFE
2,47,28,SPORE
2,47,37,SLASH
2,47,46,GROWTH
2,47,55,GIGA_DRAIN
2,48,1,TACKLE
2,48,1,DISABLE
2,48,1,FORESIGHT
2,48,9,SUPERSONIC
2,48,17,CONFUSION
2,48,20,POISONPOWDER
2,48,25,LEECH_LIFE
2,48,28,STUN_SPORE
2,48,33,PSYBEAM
2,48,36,SLEEP_POWDER
2,48,41,PSYCHIC_M
2,49,1,TACKLE
2,49,1,DISABLE
2,49,1,FORESIGHT
2,49,1,SUPERSONIC
2,49,9,SUPERSONIC
2,49,17,CONFUSION
2,49,20,POISONPOWDER
2,49,25,LEECH_LIFE
2,49,28,STUN_SPORE
2,49,31,GUST
2,49,36,PSYBEAM
2,49,42,SLEEP_POWDER
2,49,52,PSYCHIC_M
2,50,1,SCRATCH
2,50,5,GROWL
2,50,9,MAGNITUDE
2,50,17,DIG
2,50,25,SAND_ATTACK
2,50,33,SLASH
2,50,41,EARTHQUAKE
2,50,49,FISSURE
2,51,1,TRI_ATTACK
2,51,1,SCRATCH
2,51,1,GROWL
2,51,1,MAGNITUDE
2,51,5,GROWL
2,51,9,MAGNITUDE
2,51,17,DIG
2,51,25,SAND_ATTACK
2,51,37,SLASH
2,51,49,EARTHQUAKE
2,51,61,FISSURE
2,52,1,SCRATCH
2,52,1,GROWL
2,52,11,BITE
2,52,20,PAY_DAY
2,52,28,FAINT_ATTACK
2,52,35,SCREECH
2,52,41,FURY_SWIPES
2,52,46,SLASH
2,53,1,SCRATCH
2,53,1,GROWL
2,53,1,BITE
2,53,11,BITE
2,53,20,PAY_DAY
2,53,29,FAINT_ATTACK
2,53,38,SCREECH
2,53,46,FURY_SWIPES
2,53,53,SLASH
2,54,1,SCRATCH
2,54,5,TAIL_WHIP
2,54,10,DISABLE
2,54,16,CONFUSION
2,54,23,SCREECH
2,54,31,PSYCH_UP
2,54,40,FURY_SWIPES
2,54,50,HYDRO_PUMP
2,55,1,SCRATCH
2,55,1,TAIL_WHIP
2,55,1,DISABLE
2,55,1,CONFUSION
2,55,5,TAIL_WHIP
2,55,10,DISABLE
2,55,16,CONFUSION
2,55,23,SCREECH
2,55,31,PSYCH_UP
2,55,44,FURY_SWIPES
2,55,58,HYDRO_PUMP
2,56,1,SCRATCH
2,56,1,LEER
2,56,9,LOW_KICK
2,56,15,KARATE_CHOP
2,56,21,FURY_SWIPES
2,56,27,FOCUS_ENERGY
2,56,33,SEISMIC_TOSS
2,56,39,CROSS_CHOP
2,56,45,SCREECH
2,56,51,THRASH
2,57,1,SCRATCH
2,57,1,LEER
2,57,1,LOW_KICK
2,57,1,RAGE
2,57,9,LOW_KICK
2,57,15,KARATE_CHOP
2,57,21,FURY_SWIPES
2,57,27,FOCUS_ENERGY
2,57,28,RAGE
2,57,36,SEISMIC_TOSS
2,57,45,CROSS_CHOP
2,57,54,SCREECH
2,57,63,THRASH
2,58,1,BITE
2,58,1,ROAR
2,58,9,EMBER
2,58,18,LEER
2,58,26,TAKE_DOWN
2,58,34,FLAME_WHEEL
2,58,42,AGILITY
2,58,50,FLAMETHROWER
2,59,1,ROAR
2,59,1,LEER
2,59,1,TAKE_DOWN
2,59,1,FLAME_WHEEL
2,59,50,EXTREMESPEED
2,60,1,BUBBLE
2,60,7,HYPNOSIS
2,60,13,WATER_GUN
2,60,19,DOUBLESLAP
2,60,25,RAIN_DANCE
2,60,31,BODY_SLAM
2,60,37,BELLY_DRUM
2,60,43,HYDRO_PUMP
2,61,1,BUBBLE
2,61,1,HYPNOSIS
2,61,1,WATER_GUN
2,61,7,HYPNOSIS
2,61,13,WATER_GUN
2,61,19,DOUBLESLAP
2,61,27,RAIN_DANCE
2,61,35,BODY_SLAM
2,61,43,BELLY_DRUM
2,61,51,HYDRO_PUMP
2,62,1,WATER_GUN
2,62,1,HYPNOSIS
2,62,1,DOUBLESLAP
2,62,1,SUBMISSION
2,62,35,SUBMISSION
2,62,51,MIND_READER
2,63,1,TELEPORT
2,64,1,TELEPORT
2,64,1,KINESIS
2,64,1,CONFUSION
2,64,16,CONFUSION
2,64,18,DISABLE
2,64,21,PSYBEAM
2,64,26,RECOVER
2,64,31,FUTURE_SIGHT
2,64,38,PSYCHIC_M
2,64,45,REFLECT
2,65,1,TELEPORT
2,65,1,KINESIS
2,65,1,CONFUSION
2,65,16,CONFUSION
2,65,18,DISABLE
2,65,21,PSYBEAM
2,65,26,RECOVER
2,65,31,FUTURE_SIGHT
2,65,38,PSYCHIC_M
2,65,45,REFLECT
2,66,1,LOW_KICK
2,66,1,LEER
2,66,7,FOCUS_ENERGY
2,66,13,KARATE_CHOP
2,66,19,SEISMIC_TOSS
2,66,25,FORESIGHT
2,66,31,VITAL_THROW
2,66,37,CROSS_CHOP
2,66,43,SCARY_FACE
2,66,49,SUBMISSION
2,67,1,LOW_KICK
2,67,1,LEER
2,67,1,FOCUS_ENERGY
2,67,8,FOCUS_ENERGY
2,67,15,KARATE_CHOP
2,67,19,SEISMIC_TOSS
2,67,25,FORESIGHT
2,67,34,VITAL_THROW
2,67,43,CROSS_CHOP
2,67,52,SCARY_FACE
2,67,61,SUBMISSION
2,68,1,LOW_KICK
2,68,1,LEER
2,68,1,FOCUS_ENERGY
2,68,8,FOCUS_ENERGY
2,68,15,KARATE_CHOP
2,68,19,SEISMIC_TOSS
2,68,25,FORESIGHT
2,68,34,VITAL_THROW
2,68,43,CROSS_CHOP
2,68,52,SCARY_FACE
2,68,61,SUBMISSION
2,69,1,VINE_WHIP
2,69,6,GROWTH
2,69,11,WRAP
2,69,15,SLEEP_POWDER
2,69,17,POISONPOWDER
2,69,19,STUN_SPORE
2,69,23,ACID
2,69,30,SWEET_SCENT
2,69,37,RAZOR_LEAF
2,69,45,SLAM
2,70,1,VINE_WHIP
2,70,1,GROWTH
2,70,1,WRAP
2,70,6,GROWTH
2,70,11,WRAP
2,70,15,SLEEP_POWDER
2,70,17,POISONPOWDER
2,70,19,STUN_SPORE
2,70,24,ACID
2,70,33,SWEET_SCENT
2,70,42,RAZOR_LEAF
2,70,54,SLAM
2,71,1,VINE_WHIP
2,71,1,SLEEP_POWDER
2,71,1,SWEET_SCENT
2,71,1,RAZOR_LEAF
2,72,1,POISON_STING
2,72,6,SUPERSONIC
2,72,12,CONSTRICT
2,72,19,ACID
2,72,25,BUBBLEBEAM
2,72,30,WRAP
2,72,36,BARRIER
2,72,43,SCREECH
2,72,49,HYDRO_PUMP
2,73,1,POISON_STING
2,73,1,SUPERSONIC
2,73,1,CONSTRICT
2,73,6,SUPERSONIC
2,73,12,CONSTRICT
2,73,19,ACID
2,73,25,BUBBLEBEAM
2,73,30,WRAP
2,73,38,BARRIER
2,73,47,SCREECH
2,73,55,HYDRO_PUMP
2,74,1,TACKLE
2,74,6,DEFENSE_CURL
2,74,11,ROCK_THROW
2,74,16,MAGNITUDE
2,74,21,SELFDESTRUCT
2,74,26,HARDEN
2,74,31,ROLLOUT
2,74,36,EARTHQUAKE
2,74,41,EXPLOSION
2,75,1,TACKLE
2,75,1,DEFENSE_CURL
2,75,1,ROCK_THROW
2,75,6,DEFENSE_CURL
2,75,11,ROCK_THROW
2,75,16,MAGNITUDE
2,75,21,SELFDESTRUCT
2,75,27,HARDEN
2,75,34,ROLLOUT
2,75,41,EARTHQUAKE
2,75,48,EXPLOSION
2,76,1,TACKLE
2,76,1,DEFENSE_CURL
2,76,1,ROCK_THROW
2,76,1,MAGNITUDE
2,76,6,DEFENSE_CURL
2,76,11,ROCK_THROW
2,76,16,MAGNITUDE
2,76,21,SELFDESTRUCT
2,76,27,HARDEN
2,76,34,ROLLOUT
2,76,41,EARTHQUAKE
2,76,48,EXPLOSION
2,77,1,TACKLE
2,77,4,GROWL
2,77,8,TAIL_WHIP
2,77,13,EMBER
2,77,19,STOMP
2,77,26,FIRE_SPIN
2,77,34,TAKE_DOWN
2,77,43,AGILITY
2,77,53,FIRE_BLAST
2,78,1,TACKLE
2,78,1,GROWL
2,78,1,TAIL_WHIP
2,78,1,EMBER
2,78,4,GROWL
2,78,8,TAIL_WHIP
2,78,13,EMBER
2,78,19,STOMP
2,78,26,FIRE_SPIN
2,78,34,TAKE_DOWN
2,78,40,FURY_ATTACK
2,78,47,AGILITY
2,78,61,FIRE_BLAST
2,79,1,CURSE
2,79,1,TACKLE
2,79,6,GROWL
2,79,15,WATER_GUN
2,79,20,CONFUSION
2,79,29,DISABLE
2,79,34,HEADBUTT
2,79,43,AMNESIA
2,79,48,PSYCHIC_M
2,80,1,CURSE
2,80,1,TACKLE
2,80,1,GROWL
2,80,1,WATER_GUN
2,80,6,GROWL
2,80,15,WATER_GUN
2,80,20,CONFUSION
2,80,29,DISABLE
2,80,34,HEADBUTT
2,80,37,WITHDRAW
2,80,46,AMNESIA
2,80,54,PSYCHIC_M
2,81,1,TACKLE
2,81,6,THUNDERSHOCK
2,81,11,SUPERSONIC
2,81,16,SONICBOOM
2,81,21,THUNDER_WAVE
2,81,27,LOCK_ON
2,81,33,SWIFT
2,81,39,SCREECH
2,81,45,ZAP_CANNON
2,82,1,TACKLE
2,82,1,THUNDERSHOCK
2,82,1,SUPERSONIC
2,82,1,SONICBOOM
2,82,6,THUNDERSHOCK
2,82,11,SUPERSONIC
2,82,16,SONICBOOM
2,82,21,THUNDER_WAVE
2,82,27,LOCK_ON
2,82,35,TRI_ATTACK
2,82,43,SCREECH
2,82,53,ZAP_CANNON
2,83,1,PECK
2,83,7,SAND_ATTACK
2,83,13,LEER
2,83,19,FURY_ATTACK
2,83,25,SWORDS_DANCE
2,83,31,AGILITY
2,83,37,SLASH
2,83,44,FALSE_SWIPE
2,84,1,PECK
2,84,1,GROWL
2,84,9,PURSUIT
2,84,13,FURY_ATTACK
2,84,21,TRI_ATTACK
2,84,25,RAGE
2,84,33,DRILL_PECK
2,84,37,AGILITY
2,85,1,PECK
2,85,1,GROWL
2,85,1,PURSUIT
2,85,1,FURY_ATTACK
2,85,9,PURSUIT
2,85,13,FURY_ATTACK
2,85,21,TRI_ATTACK
2,85,25,RAGE
2,85,38,DRILL_PECK
2,85,47,AGILITY
2,86,1,HEADBUTT
2,86,5,GROWL
2,86,16,AURORA_BEAM
2,86,21,REST
2,86,32,TAKE_DOWN
2,86,37,ICE_BEAM
2,86,48,SAFEGUARD
2,87,1,HEADBUTT
2,87,1,GROWL
2,87,1,AURORA_BEAM
2,87,5,GROWL
2,87,16,AURORA_BEAM
2,87,21,REST
2,87,32,TAKE_DOWN
2,87,43,ICE_BEAM
2,87,60,SAFEGUARD
2,88,1,POISON_GAS
2,88,1,POUND
2,88,5,HARDEN
2,88,10,DISABLE
2,88,16,SLUDGE
2,88,23,MINIMIZE
2,88,31,SCREECH
2,88,40,ACID_ARMOR
2,88,50,SLUDGE_BOMB
2,89,1,POISON_GAS
2,89,1,POUND
2,89,1,HARDEN
2,89,33,HARDEN
2,89,37,DISABLE
2,89,45,SLUDGE
2,89,23,MINIMIZE
2,89,31,SCREECH
2,89,45,ACID_ARMOR
2,89,60,SLUDGE_BOMB
2,90,1,TACKLE
2,90,1,WITHDRAW
2,90,9,SUPERSONIC
2,90,17,AURORA_BEAM
2,90,25,PROTECT
2,90,33,LEER
2,90,41,CLAMP
2,90,49,ICE_BEAM
2,91,1,WITHDRAW
2,91,1,SUPERSONIC
2,91,1,AURORA_BEAM
2,91,1,PROTECT
2,91,33,SPIKES
2,91,41,SPIKE_CANNON
2,92,1,HYPNOSIS
2,92,1,LICK
2,92,8,SPITE
2,92,13,MEAN_LOOK
2,92,16,CURSE
2,92,21,NIGHT_SHADE
2,92,28,CONFUSE_RAY
2,92,33,DREAM_EATER
2,92,36,DESTINY_BOND
2,93,1,HYPNOSIS
2,93,1,LICK
2,93,1,SPITE
2,93,8,SPITE
2,93,13,MEAN_LOOK
2,93,16,CURSE
2,93,21,NIGHT_SHADE
2,93,31,CONFUSE_RAY
2,93,39,DREAM_EATER
2,93,48,DESTINY_BOND
2,94,1,HYPNOSIS
2,94,1,LICK
2,94,1,SPITE
2,94,8,SPITE
2,94,13,MEAN_LOOK
2,94,16,CURSE
2,94,21,NIGHT_SHADE
2,94,31,CONFUSE_RAY
2,94,39,DREAM_EATER
2,94,48,DESTINY_BOND
2,95,1,TACKLE
2,95,1,SCREECH
2,95,10,BIND
2,95,14,ROCK_THROW
2,95,23,HARDEN
2,95,27,RAGE
2,95,36,SANDSTORM
2,95,40,SLAM
2,96,1,POUND
2,96,1,HYPNOSIS
2,96,10,DISABLE
2,96,18,CONFUSION
2,96,25,HEADBUTT
2,96,31,POISON_GAS
2,96,36,MEDITATE
2,96,40,PSYCHIC_M
2,96,43,PSYCH_UP
2,96,45,FUTURE_SIGHT
2,97,1,POUND
2,97,1,HYPNOSIS
2,97,1,DISABLE
2,97,1,CONFUSION
2,97,10,DISABLE
2,97,18,CONFUSION
2,97,25,HEADBUTT
2,97,33,POISON_GAS
2,97,40,MEDITATE
2,97,49,PSYCHIC_M
2,97,55,PSYCH_UP
2,97,60,FUTURE_SIGHT
2,98,1,BUBBLE
2,98,5,LEER
2,98,12,VICEGRIP
2,98,16,HARDEN
2,98,23,STOMP
2,98,27,GUILLOTINE
2,98,34,PROTECT
2,98,41,CRABHAMMER
2,99,1,BUBBLE
2,99,1,LEER
2,99,1,VICEGRIP
2,99,5,LEER
2,99,12,VICEGRIP
2,99,16,HARDEN
2,99,23,STOMP
2,99,27,GUILLOTINE
2,99,38,PROTECT
2,99,49,CRABHAMMER
2,100,1,TACKLE
2,100,9,SCREECH
2,100,17,SONICBOOM
2,100,23,SELFDESTRUCT
2,100,29,ROLLOUT
2,100,33,LIGHT_SCREEN
2,100,37,SWIFT
2,100,39,EXPLOSION
2,100,41,MIRROR_COAT
2,101,1,TACKLE
2,101,1,SCREECH
2,101,1,SONICBOOM
2,101,1,SELFDESTRUCT
2,101,9,SCREECH
2,101,17,SONICBOOM
2,101,23,SELFDESTRUCT
2,101,29,ROLLOUT
2,101,34,LIGHT_SCREEN
2,101,40,SWIFT
2,101,44,EXPLOSION
2,101,48,MIRROR_COAT
2,102,1,BARRAGE
2,102,1,HYPNOSIS
2,102,7,REFLECT
2,102,13,LEECH_SEED
2,102,19,CONFUSION
2,102,25,STUN_SPORE
2,102,31,POISONPOWDER
2,102,37,SLEEP_POWDER
2,102,43,SOLARBEAM
2,103,1,BARRAGE
2,103,1,HYPNOSIS
2,103,1,CONFUSION
2,103,19,STOMP
2,103,31,EGG_BOMB
2,104,1,GROWL
2,104,5,TAIL_WHIP
2,104,9,BONE_CLUB
2,104,13,HEADBUTT
2,104,17,LEER
2,104,21,FOCUS_ENERGY
2,104,25,BONEMERANG
2,104,29,RAGE
2,104,33,FALSE_SWIPE
2,104,37,THRASH
2,104,41,BONE_RUSH
2,105,1,GROWL
2,105,1,TAIL_WHIP
2,105,1,BONE_CLUB
2,105,1,HEADBUTT
2,105,5,TAIL_WHIP
2,105,9,BONE_CLUB
2,105,13,HEADBUTT
2,105,17,LEER
2,105,21,FOCUS_ENERGY
2,105,25,BONEMERANG
2,105,32,RAGE
2,105,39,FALSE_SWIPE
2,105,46,THRASH
2,105,53,BONE_RUSH
2,106,1,DOUBLE_KICK
2,106,6,MEDITATE
2,106,11,ROLLING_KICK
2,106,16,JUMP_KICK
2,106,21,FOCUS_ENERGY
2,106,26,HI_JUMP_KICK
2,106,31,MIND_READER
2,106,36,FORESIGHT
2,106,41,ENDURE
2,106,46,MEGA_KICK
2,106,51,REVERSAL
2,107,1,COMET_PUNCH
2,107,7,AGILITY
2,107,13,PURSUIT
2,107,26,THUNDERPUNCH
2,107,26,ICE_PUNCH
2,107,26,FIRE_PUNCH
2,107,32,MACH_PUNCH
2,107,38,MEGA_PUNCH
2,107,44,DETECT
2,107,50,COUNTER
2,108,1,LICK
2,108,7,SUPERSONIC
2,108,13,DEFENSE_CURL
2,108,19,STOMP
2,108,25,WRAP
2,108,31,DISABLE
2,108,37,SLAM
2,108,43,SCREECH
2,109,1,POISON_GAS
2,109,1,TACKLE
2,109,9,SMOG
2,109,17,SELFDESTRUCT
2,109,21,SLUDGE
2,109,25,SMOKESCREEN
2,109,33,HAZE
2,109,41,EXPLOSION
2,109,45,DESTINY_BOND
2,110,1,POISON_GAS
2,110,1,TACKLE
2,110,1,SMOG
2,110,1,SELFDESTRUCT
2,110,9,SMOG
2,110,17,SELFDESTRUCT
2,110,21,SLUDGE
2,110,25,SMOKESCREEN
2,110,33,HAZE
2,110,44,EXPLOSION
2,110,51,DESTINY_BOND
2,111,1,HORN_ATTACK
2,111,1,TAIL_WHIP
2,111,13,STOMP
2,111,19,FURY_ATTACK
2,111,31,SCARY_FACE
2,111,37,HORN_DRILL
2,111,49,TAKE_DOWN
2,111,55,EARTHQUAKE
2,112,1,HORN_ATTACK
2,112,1,TAIL_WHIP
2,112,1,STOMP
2,112,1,FURY_ATTACK
2,112,13,STOMP
2,112,19,FURY_ATTACK
2,112,31,SCARY_FACE
2,112,37,HORN_DRILL
2,112,54,TAKE_DOWN
2,112,65,EARTHQUAKE
2,113,1,POUND
2,113,5,GROWL
2,113,9,TAIL_WHIP
2,113,13,SOFTBOILED
2,113,17,DOUBLESLAP
2,113,23,MINIMIZE
2,113,29,SING
2,113,35,EGG_BOMB
2,113,41,DEFENSE_CURL
2,113,49,LIGHT_SCREEN
2,113,57,DOUBLE_EDGE
2,114,1,CONSTRICT
2,114,4,SLEEP_POWDER
2,114,10,ABSORB
2,114,13,POISONPOWDER
2,114,19,VINE_WHIP
2,114,25,BIND
2,114,31,MEGA_DRAIN
2,114,34,STUN_SPORE
2,114,40,SLAM
2,114,46,GROWTH
2,115,1,COMET_PUNCH
2,115,7,LEER
2,115,13,BITE
2,115,19,TAIL_WHIP
2,115,25,MEGA_PUNCH
2,115,31,RAGE
2,115,37,ENDURE
2,115,43,DIZZY_PUNCH
2,115,49,REVERSAL
2,116,1,BUBBLE
2,116,8,SMOKESCREEN
2,116,15,LEER
2,116,22,WATER_GUN
2,116,29,TWISTER
2,116,36,AGILITY
2,116,43,HYDRO_PUMP
2,117,1,BUBBLE
2,117,1,SMOKESCREEN
2,117,1,LEER
2,117,1,WATER_GUN
2,117,8,SMOKESCREEN
2,117,15,LEER
2,117,22,WATER_GUN
2,117,29,TWISTER
2,117,40,AGILITY
2,117,51,HYDRO_PUMP
2,118,1,PECK
2,118,1,TAIL_WHIP
2,118,10,SUPERSONIC
2,118,15,HORN_ATTACK
2,118,24,FLAIL
2,118,29,FURY_ATTACK
2,118,38,WATERFALL
2,118,43,HORN_DRILL
2,118,52,AGILITY
2,119,1,PECK
2,119,1,TAIL_WHIP
2,119,1,TAIL_WHIP
2,119,10,SUPERSONIC
2,119,15,HORN_ATTACK
2,119,24,FLAIL
2,119,29,FURY_ATTACK
2,119,41,WATERFALL
2,119,49,HORN_DRILL
2,119,61,AGILITY
2,120,1,TACKLE
2,120,1,HARDEN
2,120,7,WATER_GUN
2,120,13,RAPID_SPIN
2,120,19,RECOVER
2,120,25,SWIFT
2,120,31,BUBBLEBEAM
2,120,37,MINIMIZE
2,120,43,LIGHT_SCREEN
2,120,50,HYDRO_PUMP
2,121,1,TACKLE
2,121,1,RAPID_SPIN
2,121,1,RECOVER
2,121,1,BUBBLEBEAM
2,121,37,CONFUSE_RAY
2,122,1,BARRIER
2,122,6,CONFUSION
2,122,11,SUBSTITUTE
2,122,16,MEDITATE
2,122,21,DOUBLESLAP
2,122,26,LIGHT_SCREEN
2,122,26,REFLECT
2,122,31,ENCORE
2,122,36,PSYBEAM
2,122,41,BATON_PASS
2,122,46,SAFEGUARD
2,123,1,QUICK_ATTACK
2,123,1,LEER
2,123,6,FOCUS_ENERGY
2,123,12,PURSUIT
2,123,18,FALSE_SWIPE
2,123,24,AGILITY
2,123,30,WING_ATTACK
2,123,36,SLASH
2,123,42,SWORDS_DANCE
2,123,48,DOUBLE_TEAM
2,124,1,POUND
2,124,1,LICK
2,124,1,LOVELY_KISS
2,124,1,POWDER_SNOW
2,124,9,LOVELY_KISS
2,124,13,POWDER_SNOW
2,124,21,DOUBLESLAP
2,124,25,ICE_PUNCH
2,124,35,MEAN_LOOK
2,124,41,BODY_SLAM
2,124,51,PERISH_SONG
2,124,57,BLIZZARD
2,125,1,QUICK_ATTACK
2,125,1,LEER
2,125,1,THUNDERPUNCH
2,125,9,THUNDERPUNCH
2,125,17,LIGHT_SCREEN
2,125,25,SWIFT
2,125,36,SCREECH
2,125,47,THUNDERBOLT
2,125,58,THUNDER
2,126,1,EMBER
2,126,1,LEER
2,126,1,SMOG
2,126,1,FIRE_PUNCH
2,126,7,LEER
2,126,13,SMOG
2,126,19,FIRE_PUNCH
2,126,25,SMOKESCREEN
2,126,33,SUNNY_DAY
2,126,41,FLAMETHROWER
2,126,49,CONFUSE_RAY
2,126,57,FIRE_BLAST
2,127,1,VICEGRIP
2,127,7,FOCUS_ENERGY
2,127,13,BIND
2,127,19,SEISMIC_TOSS
2,127,25,HARDEN
2,127,31,GUILLOTINE
2,127,37,SUBMISSION
2,127,43,SWORDS_DANCE
2,128,1,TACKLE
2,128,4,TAIL_WHIP
2,128,8,RAGE
2,128,13,HORN_ATTACK
2,128,19,SCARY_FACE
2,128,26,PURSUIT
2,128,34,REST
2,128,43,THRASH
2,128,53,TAKE_DOWN
2,129,1,SPLASH
2,129,15,TACKLE
2,129,30,FLAIL
2,130,1,THRASH
2,130,20,BITE
2,130,25,DRAGON_RAGE
2,130,30,LEER
2,130,35,TWISTER
2,130,40,HYDRO_PUMP
2,130,45,RAIN_DANCE
2,130,50,HYPER_BEAM
2,131,1,WATER_GUN
2,131,1,GROWL
2,131,1,SING
2,131,8,MIST
2,131,15,BODY_SLAM
2,131,22,CONFUSE_RAY
2,131,29,PERISH_SONG
2,131,36,ICE_BEAM
2,131,43,RAIN_DANCE
2,131,50,SAFEGUARD
2,131,57,HYDRO_PUMP
2,132,1,TRANSFORM
2,133,1,TACKLE
2,133,1,TAIL_WHIP
2,133,8,SAND_ATTACK
2,133,16,GROWL
2,133,23,QUICK_ATTACK
2,133,30,BITE
2,133,36,BATON_PASS
2,133,42,TAKE_DOWN
2,134,1,TACKLE
2,134,1,TAIL_WHIP
2,134,8,SAND_ATTACK
2,134,16,WATER_GUN
2,134,23,QUICK_ATTACK
2,134,30,BITE
2,134,36,AURORA_BEAM
2,134,42,HAZE
2,134,47,ACID_ARMOR
2,134,52,HYDRO_PUMP
2,135,1,TACKLE
2,135,1,TAIL_WHIP
2,135,8,SAND_ATTACK
2,135,16,THUNDERSHOCK
2,135,23,QUICK_ATTACK
2,135,30,DOUBLE_KICK
2,135,36,PIN_MISSILE
2,135,42,THUNDER_WAVE
2,135,47,AGILITY
2,135,52,THUNDER
2,136,1,TACKLE
2,136,1,TAIL_WHIP
2,136,8,SAND_ATTACK
2,136,16,EMBER
2,136,23,QUICK_ATTACK
2,136,30,BITE
2,136,36,FIRE_SPIN
2,136,42,SMOG
2,136,47,LEER
2,136,52,FLAMETHROWER
2,137,1,CONVERSION2
2,137,1,TACKLE
2,137,1,CONVERSION
2,137,9,AGILITY
2,137,12,PSYBEAM
2,137,20,RECOVER
2,137,24,SHARPEN
2,137,32,LOCK_ON
2,137,36,TRI_ATTACK
2,137,44,ZAP_CANNON
2,138,1,CONSTRICT
2,138,1,WITHDRAW
2,138,13,BITE
2,138,19,WATER_GUN
2,138,31,LEER
2,138,37,PROTECT
2,138,49,ANCIENTPOWER
2,138,55,HYDRO_PUMP
2,139,1,CONSTRICT
2,139,1,WITHDRAW
2,139,1,BITE
2,139,13,BITE
2,139,19,WATER_GUN
2,139,31,LEER
2,139,37,PROTECT
2,139,40,SPIKE_CANNON
2,139,54,ANCIENTPOWER
2,139,65,HYDRO_PUMP
2,140,1,SCRATCH
2,140,1,HARDEN
2,140,10,ABSORB
2,140,19,LEER
2,140,28,SAND_ATTACK
2,140,37,ENDURE
2,140,46,MEGA_DRAIN
2,140,55,ANCIENTPOWER
2,141,1,SCRATCH
2,141,1,HARDEN
2,141,1,ABSORB
2,141,10,ABSORB
2,141,19,LEER
2,141,28,SAND_ATTACK
2,141,37,ENDURE
2,141,40,SLASH
2,141,51,MEGA_DRAIN
2,141,65,ANCIENTPOWER
2,142,1,WING_ATTACK
2,142,8,AGILITY
2,142,15,BITE
2,142,22,SUPERSONIC
2,142,29,ANCIENTPOWER
2,142,36,SCARY_FACE
2,142,43,TAKE_DOWN
2,142,50,HYPER_BEAM
2,143,1,TACKLE
2,143,8,AMNESIA
2,143,15,DEFENSE_CURL
2,143,22,BELLY_DRUM
2,143,29,HEADBUTT
2,143,36,SNORE
2,143,36,REST
2,143,43,BODY_SLAM
2,143,50,ROLLOUT
2,143,57,HYPER_BEAM
2,144,1,GUST
2,144,1,POWDER_SNOW
2,144,13,MIST
2,144,25,AGILITY
2,144,37,MIND_READER
2,144,49,ICE_BEAM
2,144,61,REFLECT
2,144,73,BLIZZARD
2,145,1,PECK
2,145,1,THUNDERSHOCK
2,145,13,THUNDER_WAVE
2,145,25,AGILITY
2,145,37,DETECT
2,145,49,DRILL_PECK
2,145,61,LIGHT_SCREEN
2,145,73,THUNDER
2,146,1,WING_ATTACK
2,146,1,EMBER
2,146,13,FIRE_SPIN
2,146,25,AGILITY
2,146,37,ENDURE
2,146,49,FLAMETHROWER
2,146,61,SAFEGUARD
2,146,73,SKY_ATTACK
2,147,1,WRAP
2,147,1,LEER
2,147,8,THUNDER_WAVE
2,147,15,TWISTER
2,147,22,DRAGON_RAGE
2,147,29,SLAM
2,147,36,AGILITY
2,147,43,SAFEGUARD
2,147,50,OUTRAGE
2,147,57,HYPER_BEAM
2,148,1,WRAP
2,148,1,LEER
2,148,1,THUNDER_WAVE
2,148,1,TWISTER
2,148,8,THUNDER_WAVE
2,148,15,TWISTER
2,148,22,DRAGON_RAGE
2,148,29,SLAM
2,148,38,AGILITY
2,148,47,SAFEGUARD
2,148,56,OUTRAGE
2,148,65,HYPER_BEAM
2,149,1,WRAP
2,149,1,LEER
2,149,1,THUNDER_WAVE
2,149,1,TWISTER
2,149,8,THUNDER_WAVE
2,149,15,TWISTER
2,149,22,DRAGON_RAGE
2,149,29,SLAM
2,149,38,AGILITY
2,149,47,SAFEGUARD
2,149,55,WING_ATTACK
2,149,61,OUTRAGE
2,149,75,HYPER_BEAM
2,150,1,CONFUSION
2,150,1,DISABLE
2,150,11,BARRIER
2,150,22,SWIFT
2,150,33,PSYCH_UP
2,150,44,FUTURE_SIGHT
2,150,55,MIST
2,150,66,PSYCHIC_M
2,150,77,AMNESIA
2,150,88,RECOVER
2,150,99,SAFEGUARD
2,151,1,POUND
2,151,10,TRANSFORM
2,151,20,MEGA_PUNCH
2,151,30,METRONOME
2,151,40,PSYCHIC_M
2,151,50,ANCIENTPOWER
2,152,1,TACKLE
2,152,1,GROWL
2,152,8,RAZOR_LEAF
2,152,12,REFLECT
2,152,15,POISONPOWDER
2,152,22,SYNTHESIS
2,152,29,BODY_SLAM
2,152,36,LIGHT_SCREEN
2,152,43,SAFEGUARD
2,152,50,SOLARBEAM
2,153,1,TACKLE
2,153,1,GROWL
2,153,1,RAZOR_LEAF
2,153,1,REFLECT
2,153,8,RAZOR_LEAF
2,153,12,REFLECT
2,153,15,POISONPOWDER
2,153,23,SYNTHESIS
2,153,31,BODY_SLAM
2,153,39,LIGHT_SCREEN
2,153,47,SAFEGUARD
2,153,55,SOLARBEAM
2,154,1,TACKLE
2,154,1,GROWL
2,154,1,RAZOR_LEAF
2,154,1,REFLECT
2,154,8,RAZOR_LEAF
2,154,12,REFLECT
2,154,15,POISONPOWDER
2,154,23,SYNTHESIS
2,154,31,BODY_SLAM
2,154,41,LIGHT_SCREEN
2,154,51,SAFEGUARD
2,154,61,SOLARBEAM
2,155,1,TACKLE
2,155,1,LEER
2,155,6,SMOKESCREEN
2,155,12,EMBER
2,155,19,QUICK_ATTACK
2,155,27,FLAME_WHEEL
2,155,36,SWIFT
2,155,46,FLAMETHROWER
2,156,1,TACKLE
2,156,1,LEER
2,156,1,SMOKESCREEN
2,156,6,SMOKESCREEN
2,156,12,EMBER
2,156,21,QUICK_ATTACK
2,156,31,FLAME_WHEEL
2,156,42,SWIFT
2,156,54,FLAMETHROWER
2,157,1,TACKLE
2,157,1,LEER
2,157,1,SMOKESCREEN
2,157,1,EMBER
2,157,6,SMOKESCREEN
2,157,12,EMBER
2,157,21,QUICK_ATTACK
2,157,31,FLAME_WHEEL
2,157,45,SWIFT
2,157,60,FLAMETHROWER
2,158,1,SCRATCH
2,158,1,LEER
2,158,7,RAGE
2,158,13,WATER_GUN
2,158,20,BITE
2,158,27,SCARY_FACE
2,158,35,SLASH
2,158,43,SCREECH
2,158,52,HYDRO_PUMP
2,159,1,SCRATCH
2,159,1,LEER
2,159,1,RAGE
2,159,7,RAGE
2,159,13,WATER_GUN
2,159,21,BITE
2,159,28,SCARY_FACE
2,159,37,SLASH
2,159,45,SCREECH
2,159,55,HYDRO_PUMP
2,160,1,SCRATCH
2,160,1,LEER
2,160,1,RAGE
2,160,1,WATER_GUN
2,160,7,RAGE
2,160,13,WATER_GUN
2,160,21,BITE
2,160,28,SCARY_FACE
2,160,38,SLASH
2,160,47,SCREECH
2,160,58,HYDRO_PUMP
2,161,1,TACKLE
2,161,5,DEFENSE_CURL
2,161,11,QUICK_ATTACK
2,161,17,FURY_SWIPES
2,161,25,SLAM
2,161,33,REST
2,161,41,AMNESIA
2,162,1,SCRATCH
2,162,1,DEFENSE_CURL
2,162,1,QUICK_ATTACK
2,162,5,DEFENSE_CURL
2,162,11,QUICK_ATTACK
2,162,18,FURY_SWIPES
2,162,28,SLAM
2,162,38,REST
2,162,48,AMNESIA
2,163,1,TACKLE
2,163,1,GROWL
2,163,6,FORESIGHT
2,163,11,PECK
2,163,16,HYPNOSIS
2,163,22,REFLECT
2,163,28,TAKE_DOWN
2,163,34,CONFUSION
2,163,48,DREAM_EATER
2,164,1,TACKLE
2,164,1,GROWL
2,164,1,FORESIGHT
2,164,1,PECK
2,164,6,FORESIGHT
2,164,11,PECK
2,164,16,HYPNOSIS
2,164,25,REFLECT
2,164,33,TAKE_DOWN
2,164,41,CONFUSION
2,164,57,DREAM_EATER
2,165,1,TACKLE
2,165,8,SUPERSONIC
2,165,15,COMET_PUNCH
2,165,22,LIGHT_SCREEN
2,165,22,REFLECT
2,165,22,SAFEGUARD
2,165,29,BATON_PASS
2,165,36,SWIFT
2,165,43,AGILITY
2,165,50,DOUBLE_EDGE
2,166,1,TACKLE
2,166,1,SUPERSONIC
2,166,8,SUPERSONIC
2,166,15,COMET_PUNCH
2,166,24,LIGHT_SCREEN
2,166,24,REFLECT
2,166,24,SAFEGUARD
2,166,33,BATON_PASS
2,166,42,SWIFT
2,166,51,AGILITY
2,166,60,DOUBLE_EDGE
2,167,1,POISON_STING
2,167,1,STRING_SHOT
2,167,6,SCARY_FACE
2,167,11,CONSTRICT
2,167,17,NIGHT_SHADE
2,167,23,LEECH_LIFE
2,167,30,FURY_SWIPES
2,167,37,SPIDER_WEB
2,167,45,AGILITY
2,167,53,PSYCHIC_M
2,168,1,POISON_STING
2,168,1,STRING_SHOT
2,168,1,SCARY_FACE
2,168,1,CONSTRICT
2,168,6,SCARY_FACE
2,168,11,CONSTRICT
2,168,17,NIGHT_SHADE
2,168,25,LEECH_LIFE
2,168,34,FURY_SWIPES
2,168,43,SPIDER_WEB
2,168,53,AGILITY
2,168,63,PSYCHIC_M
2,169,1,SCREECH
2,169,1,LEECH_LIFE
2,169,1,SUPERSONIC
2,169,6,SUPERSONIC
2,169,12,BITE
2,169,19,CONFUSE_RAY
2,169,30,WING_ATTACK
2,169,42,MEAN_LOOK
2,169,55,HAZE
2,170,1,BUBBLE
2,170,1,THUNDER_WAVE
2,170,5,SUPERSONIC
2,170,13,FLAIL
2,170,17,WATER_GUN
2,170,25,SPARK
2,170,29,CONFUSE_RAY
2,170,37,TAKE_DOWN
2,170,41,HYDRO_PUMP
2,171,1,BUBBLE
2,171,1,THUNDER_WAVE
2,171,1,SUPERSONIC
2,171,5,SUPERSONIC
2,171,13,FLAIL
2,171,17,WATER_GUN
2,171,25,SPARK
2,171,33,CONFUSE_RAY
2,171,45,TAKE_DOWN
2,171,53,HYDRO_PUMP
2,172,1,THUNDERSHOCK
2,172,1,CHARM
2,172,6,TAIL_WHIP
2,172,8,THUNDER_WAVE
2,172,11,SWEET_KISS
2,173,1,POUND
2,173,1,CHARM
2,173,4,ENCORE
2,173,8,SING
2,173,13,SWEET_KISS
2,174,1,SING
2,174,1,CHARM
2,174,4,DEFENSE_CURL
2,174,9,POUND
2,174,14,SWEET_KISS
2,175,1,GROWL
2,175,1,CHARM
2,175,7,METRONOME
2,175,18,SWEET_KISS
2,175,25,ENCORE
2,175,31,SAFEGUARD
2,175,38,DOUBLE_EDGE
2,176,1,GROWL
2,176,1,CHARM
2,176,7,METRONOME
2,176,18,SWEET_KISS
2,176,25,ENCORE
2,176,31,SAFEGUARD
2,176,38,DOUBLE_EDGE
2,177,1,PECK
2,177,1,LEER
2,177,10,NIGHT_SHADE
2,177,20,TELEPORT
2,177,30,FUTURE_SIGHT
2,177,40,CONFUSE_RAY
2,177,50,PSYCHIC_M
2,178,1,PECK
2,178,1,LEER
2,178,1,NIGHT_SHADE
2,178,10,NIGHT_SHADE
2,178,20,TELEPORT
2,178,35,FUTURE_SIGHT
2,178,50,CONFUSE_RAY
2,178,65,PSYCHIC_M
2,179,1,TACKLE
2,179,1,GROWL
2,179,9,THUNDERSHOCK
2,179,16,THUNDER_WAVE
2,179,23,COTTON_SPORE
2,179,30,LIGHT_SCREEN
2,179,37,THUNDER
2,180,1,TACKLE
2,180,1,GROWL
2,180,1,THUNDERSHOCK
2,180,9,THUNDERSHOCK
2,180,18,THUNDER_WAVE
2,180,27,COTTON_SPORE
2,180,36,LIGHT_SCREEN
2,180,45,THUNDER
2,181,1,TACKLE
2,181,1,GROWL
2,181,1,THUNDERSHOCK
2,181,1,THUNDER_WAVE
2,181,9,THUNDERSHOCK
2,181,18,THUNDER_WAVE
2,181,27,COTTON_SPORE
2,181,30,THUNDERPUNCH
2,181,42,LIGHT_SCREEN
2,181,57,THUNDER
2,182,1,ABSORB
2,182,1,SWEET_SCENT
2,182,1,STUN_SPORE
2,182,1,PETAL_DANCE
2,182,55,SOLARBEAM
2,183,1,TACKLE
2,183,3,DEFENSE_CURL
2,183,6,TAIL_WHIP
2,183,10,WATER_GUN
2,183,15,ROLLOUT
2,183,21,BUBBLEBEAM
2,183,28,DOUBLE_EDGE
2,183,36,RAIN_DANCE
2,184,1,TACKLE
2,184,1,DEFENSE_CURL
2,184,1,TAIL_WHIP
2,184,1,WATER_GUN
2,184,3,DEFENSE_CURL
2,184,6,TAIL_WHIP
2,184,10,WATER_GUN
2,184,15,ROLLOUT
2,184,25,BUBBLEBEAM
2,184,36,DOUBLE_EDGE
2,184,48,RAIN_DANCE
2,185,1,ROCK_THROW
2,185,1,MIMIC
2,185,10,FLAIL
2,185,19,LOW_KICK
2,185,28,ROCK_SLIDE
2,185,37,FAINT_ATTACK
2,185,46,SLAM
2,186,1,WATER_GUN
2,186,1,HYPNOSIS
2,186,1,DOUBLESLAP
2,186,1,PERISH_SONG
2,186,35,PERISH_SONG
2,186,51,SWAGGER
2,187,1,SPLASH
2,187,5,SYNTHESIS
2,187,5,TAIL_WHIP
2,187,10,TACKLE
2,187,13,POISONPOWDER
2,187,15,STUN_SPORE
2,187,17,SLEEP_POWDER
2,187,20,LEECH_SEED
2,187,25,COTTON_SPORE
2,187,30,MEGA_DRAIN
2,188,1,SPLASH
2,188,1,SYNTHESIS
2,188,1,TAIL_WHIP
2,188,1,TACKLE
2,188,5,SYNTHESIS
2,188,5,TAIL_WHIP
2,188,10,TACKLE
2,188,13,POISONPOWDER
2,188,15,STUN_SPORE
2,188,17,SLEEP_POWDER
2,188,22,LEECH_SEED
2,188,29,COTTON_SPORE
2,188,36,MEGA_DRAIN
2,189,1,SPLASH
2,189,1,SYNTHESIS
2,189,1,TAIL_WHIP
2,189,1,TACKLE
2,189,5,SYNTHESIS
2,189,5,TAIL_WHIP
2,189,10,TACKLE
2,189,13,POISONPOWDER
2,189,15,STUN_SPORE
2,189,17,SLEEP_POWDER
2,189,22,LEECH_SEED
2,189,33,COTTON_SPORE
2,189,44,MEGA_DRAIN
2,190,1,SCRATCH
2,190,1,TAIL_WHIP
2,190,6,SAND_ATTACK
2,190,12,BATON_PASS
2,190,19,FURY_SWIPES
2,190,27,SWIFT
2,190,36,SCREECH
2,190,46,AGILITY
2,191,1,ABSORB
2,191,4,GROWTH
2,191,10,MEGA_DRAIN
2,191,19,SUNNY_DAY
2,191,31,SYNTHESIS
2,191,46,GIGA_DRAIN
2,192,1,ABSORB
2,192,1,POUND
2,192,4,GROWTH
2,192,10,RAZOR_LEAF
2,192,19,SUNNY_DAY
2,192,31,PETAL_DANCE
2,192,46,SOLARBEAM
2,193,1,TACKLE
2,193,1,FORESIGHT
2,193,7,QUICK_ATTACK
2,193,13,DOUBLE_TEAM
2,193,19,SONICBOOM
2,193,25,DETECT
2,193,31,SUPERSONIC
2,193,37,WING_ATTACK
2,193,43,SCREECH
2,194,1,WATER_GUN
2,194,1,TAIL_WHIP
2,194,11,SLAM
2,194,21,AMNESIA
2,194,31,EARTHQUAKE
2,194,41,RAIN_DANCE
2,194,51,MIST
2,194,51,HAZE
2,195,1,WATER_GUN
2,195,1,TAIL_WHIP
2,195,11,SLAM
2,195,23,AMNESIA
2,195,35,EARTHQUAKE
2,195,47,RAIN_DANCE
2,195,59,MIST
2,195,59,HAZE
2,196,1,TACKLE
2,196,1,TAIL_WHIP
2,196,8,SAND_ATTACK
2,196,16,CONFUSION
2,196,23,QUICK_ATTACK
2,196,30,SWIFT
2,196,36,PSYBEAM
2,196,42,PSYCH_UP
2,196,47,PSYCHIC_M
2,196,52,MORNING_SUN
2,197,1,TACKLE
2,197,1,TAIL_WHIP
2,197,8,SAND_ATTACK
2,197,16,PURSUIT
2,197,23,QUICK_ATTACK
2,197,30,CONFUSE_RAY
2,197,36,FAINT_ATTACK
2,197,42,MEAN_LOOK
2,197,47,SCREECH
2,197,52,MOONLIGHT
2,198,1,PECK
2,198,11,PURSUIT
2,198,16,HAZE
2,198,26,NIGHT_SHADE
2,198,31,FAINT_ATTACK
2,198,41,MEAN_LOOK
2,199,1,CURSE
2,199,1,TACKLE
2,199,6,GROWL
2,199,15,WATER_GUN
2,199,20,CONFUSION
2,199,29,DISABLE
2,199,34,HEADBUTT
2,199,43,SWAGGER
2,199,48,PSYCHIC_M
2,200,1,GROWL
2,200,1,PSYWAVE
2,200,6,SPITE
2,200,12,CONFUSE_RAY
2,200,19,MEAN_LOOK
2,200,27,PSYBEAM
2,200,36,PAIN_SPLIT
2,200,46,PERISH_SONG
2,201,1,HIDDEN_POWER
2,202,1,COUNTER
2,202,1,MIRROR_COAT
2,202,1,SAFEGUARD
2,202,1,DESTINY_BOND
2,203,1,TACKLE
2,203,1,GROWL
2,203,1,CONFUSION
2,203,1,STOMP
2,203,7,CONFUSION
2,203,13,STOMP
2,203,20,AGILITY
2,203,30,BATON_PASS
2,203,41,PSYBEAM
2,203,54,CRUNCH
2,204,1,TACKLE
2,204,1,PROTECT
2,204,8,SELFDESTRUCT
2,204,15,TAKE_DOWN
2,204,22,RAPID_SPIN
2,204,29,BIDE
2,204,36,EXPLOSION
2,204,43,SPIKES
2,204,50,DOUBLE_EDGE
2,205,1,TACKLE
2,205,1,PROTECT
2,205,1,SELFDESTRUCT
2,205,8,SELFDESTRUCT
2,205,15,TAKE_DOWN
2,205,22,RAPID_SPIN
2,205,29,BIDE
2,205,39,EXPLOSION
2,205,49,SPIKES
2,205,59,DOUBLE_EDGE
2,206,1,RAGE
2,206,5,DEFENSE_CURL
2,206,13,GLARE
2,206,18,SPITE
2,206,26,PURSUIT
2,206,30,SCREECH
2,206,38,TAKE_DOWN
2,207,1,POISON_STING
2,207,6,SAND_ATTACK
2,207,13,HARDEN
2,207,20,QUICK_ATTACK
2,207,28,FAINT_ATTACK
2,207,36,SLASH
2,207,44,SCREECH
2,207,52,GUILLOTINE
2,208,1,TACKLE
2,208,1,SCREECH
2,208,10,BIND
2,208,14,ROCK_THROW
2,208,23,HARDEN
2,208,27,RAGE
2,208,36,SANDSTORM
2,208,40,SLAM
2,208,49,CRUNCH
2,209,1,TACKLE
2,209,1,SCARY_FACE
2,209,4,TAIL_WHIP
2,209,8,CHARM
2,209,13,BITE
2,209,19,LICK
2,209,26,ROAR
2,209,34,RAGE
2,209,43,TAKE_DOWN
2,210,1,TACKLE
2,210,1,SCARY_FACE
2,210,4,TAIL_WHIP
2,210,8,CHARM
2,210,13,BITE
2,210,19,LICK
2,210,28,ROAR
2,210,38,RAGE
2,210,51,TAKE_DOWN
2,211,1,SPIKES
2,211,1,TACKLE
2,211,1,POISON_STING
2,211,10,HARDEN
2,211,10,MINIMIZE
2,211,19,WATER_GUN
2,211,28,PIN_MISSILE
2,211,37,TAKE_DOWN
2,211,46,HYDRO_PUMP
2,212,1,QUICK_ATTACK
2,212,1,LEER
2,212,6,FOCUS_ENERGY
2,212,12,PURSUIT
2,212,18,FALSE_SWIPE
2,212,24,AGILITY
2,212,30,METAL_CLAW
2,212,36,SLASH
2,212,42,SWORDS_DANCE
2,212,48,DOUBLE_TEAM
2,213,1,CONSTRICT
2,213,1,WITHDRAW
2,213,9,WRAP
2,213,14,ENCORE
2,213,23,SAFEGUARD
2,213,28,BIDE
2,213,37,REST
2,214,1,TACKLE
2,214,1,LEER
2,214,6,HORN_ATTACK
2,214,12,ENDURE
2,214,19,FURY_ATTACK
2,214,27,COUNTER
2,214,35,TAKE_DOWN
2,214,44,REVERSAL
2,214,54,MEGAHORN
2,215,1,SCRATCH
2,215,1,LEER
2,215,9,QUICK_ATTACK
2,215,17,SCREECH
2,215,25,FAINT_ATTACK
2,215,33,FURY_SWIPES
2,215,41,AGILITY
2,215,49,SLASH
2,215,57,BEAT_UP
2,215,65,METAL_CLAW
2,216,1,SCRATCH
2,216,1,LEER
2,216,8,LICK
2,216,15,FURY_SWIPES
2,216,22,FAINT_ATTACK
2,216,29,REST
2,216,36,SLASH
2,216,43,SNORE
2,216,50,THRASH
2,217,1,SCRATCH
2,217,1,LEER
2,217,1,LICK
2,217,1,FURY_SWIPES
2,217,8,LICK
2,217,15,FURY_SWIPES
2,217,22,FAINT_ATTACK
2,217,29,REST
2,217,39,SLASH
2,217,49,SNORE
2,217,59,THRASH
2,218,1,SMOG
2,218,8,EMBER
2,218,15,ROCK_THROW
2,218,22,HARDEN
2,218,29,AMNESIA
2,218,36,FLAMETHROWER
2,218,43,ROCK_SLIDE
2,218,50,BODY_SLAM
2,219,1,SMOG
2,219,1,EMBER
2,219,1,ROCK_THROW
2,219,8,EMBER
2,219,15,ROCK_THROW
2,219,22,HARDEN
2,219,29,AMNESIA
2,219,36,FLAMETHROWER
2,219,48,ROCK_SLIDE
2,219,60,BODY_SLAM
2,220,1,TACKLE
2,220,10,POWDER_SNOW
2,220,19,ENDURE
2,220,28,TAKE_DOWN
2,220,37,MIST
2,220,46,BLIZZARD
2,220,55,AMNESIA
2,221,1,HORN_ATTACK
2,221,1,POWDER_SNOW
2,221,1,ENDURE
2,221,10,POWDER_SNOW
2,221,19,ENDURE
2,221,28,TAKE_DOWN
2,221,33,FURY_ATTACK
2,221,42,MIST
2,221,56,BLIZZARD
2,221,70,AMNESIA
2,222,1,TACKLE
2,222,7,HARDEN
2,222,13,BUBBLE
2,222,19,RECOVER
2,222,25,BUBBLEBEAM
2,222,31,SPIKE_CANNON
2,222,37,MIRROR_COAT
2,222,43,ANCIENTPOWER
2,223,1,WATER_GUN
2,223,11,LOCK_ON
2,223,22,PSYBEAM
2,223,22,AURORA_BEAM
2,223,22,BUBBLEBEAM
2,223,33,FOCUS_ENERGY
2,223,44,ICE_BEAM
2,223,55,HYPER_BEAM
2,224,1,WATER_GUN
2,224,11,CONSTRICT
2,224,22,PSYBEAM
2,224,22,AURORA_BEAM
2,224,22,BUBBLEBEAM
2,224,25,OCTAZOOKA
2,224,38,FOCUS_ENERGY
2,224,54,ICE_BEAM
2,224,70,HYPER_BEAM
2,225,1,PRESENT
2,226,1,TACKLE
2,226,1,BUBBLE
2,226,10,SUPERSONIC
2,226,18,BUBBLEBEAM
2,226,25,TAKE_DOWN
2,226,32,AGILITY
2,226,40,WING_ATTACK
2,226,49,CONFUSE_RAY
2,227,1,LEER
2,227,1,PECK
2,227,13,SAND_ATTACK
2,227,19,SWIFT
2,227,25,AGILITY
2,227,37,FURY_ATTACK
2,227,49,STEEL_WING
2,228,1,LEER
2,228,1,EMBER
2,228,7,ROAR
2,228,13,SMOG
2,228,20,BITE
2,228,27,FAINT_ATTACK
2,228,35,FLAMETHROWER
2,228,43,CRUNCH
2,229,1,LEER
2,229,1,EMBER
2,229,7,ROAR
2,229,13,SMOG
2,229,20,BITE
2,229,30,FAINT_ATTACK
2,229,41,FLAMETHROWER
2,229,52,CRUNCH
2,230,1,BUBBLE
2,230,1,SMOKESCREEN
2,230,1,LEER
2,230,1,WATER_GUN
2,230,8,SMOKESCREEN
2,230,15,LEER
2,230,22,WATER_GUN
2,230,29,TWISTER
2,230,40,AGILITY
2,230,51,HYDRO_PUMP
2,231,1,TACKLE
2,231,1,GROWL
2,231,9,DEFENSE_CURL
2,231,17,FLAIL
2,231,25,TAKE_DOWN
2,231,33,ROLLOUT
2,231,41,ENDURE
2,231,49,DOUBLE_EDGE
2,232,1,HORN_ATTACK
2,232,1,GROWL
2,232,9,DEFENSE_CURL
2,232,17,FLAIL
2,232,25,FURY_ATTACK
2,232,33,ROLLOUT
2,232,41,RAPID_SPIN
2,232,49,EARTHQUAKE
2,233,1,CONVERSION2
2,233,1,TACKLE
2,233,1,CONVERSION
2,233,9,AGILITY
2,233,12,PSYBEAM
2,233,20,RECOVER
2,233,24,DEFENSE_CURL
2,233,32,LOCK_ON
2,233,36,TRI_ATTACK
2,233,44,ZAP_CANNON
2,234,1,TACKLE
2,234,8,LEER
2,234,15,HYPNOSIS
2,234,23,STOMP
2,234,31,SAND_ATTACK
2,234,40,TAKE_DOWN
2,234,49,CONFUSE_RAY
2,235,1,SKETCH
2,235,11,SKETCH
2,235,21,SKETCH
2,235,31,SKETCH
2,235,41,SKETCH
2,235,51,SKETCH
2,235,61,SKETCH
2,235,71,SKETCH
2,235,81,SKETCH
2,235,91,SKETCH
2,236,1,TACKLE
2,237,1,ROLLING_KICK
2,237,7,FOCUS_ENERGY
2,237,13,PURSUIT
2,237,19,QUICK_ATTACK
2,237,25,RAPID_SPIN
2,237,31,COUNTER
2,237,37,AGILITY
2,237,43,DETECT
2,237,49,TRIPLE_KICK
2,238,1,POUND
2,238,1,LICK
2,238,9,SWEET_KISS
2,238,13,POWDER_SNOW
2,238,21,CONFUSION
2,238,25,SING
2,238,33,MEAN_LOOK
2,238,37,PSYCHIC_M
2,238,45,PERISH_SONG
2,238,49,BLIZZARD
2,239,1,QUICK_ATTACK
2,239,1,LEER
2,239,9,THUNDERPUNCH
2,239,17,LIGHT_SCREEN
2,239,25,SWIFT
2,239,33,SCREECH
2,239,41,THUNDERBOLT
2,239,49,THUNDER
2,240,1,EMBER
2,240,7,LEER
2,240,13,SMOG
2,240,19,FIRE_PUNCH
2,240,25,SMOKESCREEN
2,240,31,SUNNY_DAY
2,240,37,FLAMETHROWER
2,240,43,CONFUSE_RAY
2,240,49,FIRE_BLAST
2,241,1,TACKLE
2,241,4,GROWL
2,241,8,DEFENSE_CURL
2,241,13,STOMP
2,241,19,MILK_DRINK
2,241,26,BIDE
2,241,34,ROLLOUT
2,241,43,BODY_SLAM
2,241,53,HEAL_BELL
2,242,1,POUND
2,242,4,GROWL
2,242,7,TAIL_WHIP
2,242,10,SOFTBOILED
2,242,13,DOUBLESLAP
2,242,18,MINIMIZE
2,242,23,SING
2,242,28,EGG_BOMB
2,242,33,DEFENSE_CURL
2,242,40,LIGHT_SCREEN
2,242,47,DOUBLE_EDGE
2,243,1,BITE
2,243,1,LEER
2,243,11,THUNDERSHOCK
2,243,21,ROAR
2,243,31,QUICK_ATTACK
2,243,41,SPARK
2,243,51,REFLECT
2,243,61,CRUNCH
2,243,71,THUNDER
2,244,1,BITE
2,244,1,LEER
2,244,11,EMBER
2,244,21,ROAR
2,244,31,FIRE_SPIN
2,244,41,STOMP
2,244,51,FLAMETHROWER
2,244,61,SWAGGER
2,244,71,FIRE_BLAST
2,245,1,BITE
2,245,1,LEER
2,245,11,BUBBLEBEAM
2,245,21,RAIN_DANCE
2,245,31,GUST
2,245,41,AURORA_BEAM
2,245,51,MIST
2,245,61,MIRROR_COAT
2,245,71,HYDRO_PUMP
2,246,1,BITE
2,246,1,LEER
2,246,8,SANDSTORM
2,246,15,SCREECH
2,246,22,ROCK_SLIDE
2,246,29,THRASH
2,246,36,SCARY_FACE
2,246,43,CRUNCH
2,246,50,EARTHQUAKE
2,246,57,HYPER_BEAM
2,247,1,BITE
2,247,1,LEER
2,247,1,SANDSTORM
2,247,1,SCREECH
2,247,8,SANDSTORM
2,247,15,SCREECH
2,247,22,ROCK_SLIDE
2,247,29,THRASH
2,247,38,SCARY_FACE
2,247,47,CRUNCH
2,247,56,EARTHQUAKE
2,247,65,HYPER_BEAM
2,248,1,BITE
2,248,1,LEER
2,248,1,SANDSTORM
2,248,1,SCREECH
2,248,8,SANDSTORM
2,248,15,SCREECH
2,248,22,ROCK_SLIDE
2,248,29,THRASH
2,248,38,SCARY_FACE
2,248,47,CRUNCH
2,248,61,EARTHQUAKE
2,248,75,HYPER_BEAM
2,249,1,AEROBLAST
2,249,11,SAFEGUARD
2,249,22,GUST
2,249,33,RECOVER
2,249,44,HYDRO_PUMP
2,249,55,RAIN_DANCE
2,249,66,SWIFT
2,249,77,WHIRLWIND
2,249,88,ANCIENTPOWER
2,249,99,FUTURE_SIGHT
2,250,1,SACRED_FIRE
2,250,11,SAFEGUARD
2,250,22,GUST
2,250,33,RECOVER
2,250,44,FIRE_BLAST
2,250,55,SUNNY_DAY
2,250,66,SWIFT
2,250,77,WHIRLWIND
2,250,88,ANCIENTPOWER
2,250,99,FUTURE_SIGHT
2,251,1,LEECH_SEED
2,251,1,CONFUSION
2,251,1,RECOVER
2,251,1,HEAL_BELL
2,251,10,SAFEGUARD
2,251,20,ANCIENTPOWER
2,251,30,FUTURE_SIGHT
2,251,40,BATON_PASS
2,251,50,PERISH_SONG
