gen,dex,hp,atk,dfn,spd,spc,spa,sp_def,type1,type2,catch_rate,base_exp,growth_rate,gender_ratio,egg_group1,egg_group2,item1,item2,hatch_cycles,base_happiness
1,1,45,49,49,45,65,65,65,GRASS,POISON,45,64,GROWTH_MEDIUM_SLOW,,,,,,
1,2,60,62,63,60,80,80,80,GRASS,POISON,45,141,GROWTH_MEDIUM_SLOW,,,,,,
1,3,80,82,83,80,100,100,100,GRASS,POISON,45,208,GROWTH_MEDIUM_SLOW,,,,,,
1,4,39,52,43,65,50,50,50,FIRE,FIRE,45,65,GROWTH_MEDIUM_SLOW,,,,,,
1,5,58,64,58,80,65,65,65,FIRE,FIRE,45,142,GROWTH_MEDIUM_SLOW,,,,,,
1,6,78,84,78,100,85,85,85,FIRE,FLYING,45,209,GROWTH_MEDIUM_SLOW,,,,,,
1,7,44,48,65,43,50,50,50,WATER,WATER,45,66,GROWTH_MEDIUM_SLOW,,,,,,
1,8,59,63,80,58,65,65,65,WATER,WATER,45,143,GROWTH_MEDIUM_SLOW,,,,,,
1,9,79,83,100,78,85,85,85,WATER,WATER,45,210,GROWTH_MEDIUM_SLOW,,,,,,
1,10,45,30,35,45,20,20,20,BUG,BUG,255,53,GROWTH_MEDIUM_FAST,,,,,,
1,11,50,20,55,30,25,25,25,BUG,BUG,120,72,GROWTH_MEDIUM_FAST,,,,,,
1,12,60,45,50,70,80,80,80,BUG,FLYING,45,160,GROWTH_MEDIUM_FAST,,,,,,
1,13,40,35,30,50,20,20,20,BUG,POISON,255,52,GROWTH_MEDIUM_FAST,,,,,,
1,14,45,25,50,35,25,25,25,BUG,POISON,120,71,GROWTH_MEDIUM_FAST,,,,,,
1,15,65,80,40,75,45,45,45,BUG,POISON,45,159,GROWTH_MEDIUM_FAST,,,,,,
1,16,40,45,40,56,35,35,35,NORMAL,FLYING,255,55,GROWTH_MEDIUM_SLOW,,,,,,
1,17,63,60,55,71,50,50,50,NORMAL,FLYING,120,113,GROWTH_MEDIUM_SLOW,,,,,,
1,18,83,80,75,91,70,70,70,NORMAL,FLYING,45,172,GROWTH_MEDIUM_SLOW,,,,,,
1,19,30,56,35,72,25,25,25,NORMAL,NORMAL,255,57,GROWTH_MEDIUM_FAST,,,,,,
1,20,55,81,60,97,50,50,50,NORMAL,NORMAL,90,116,GROWTH_MEDIUM_FAST,,,,,,
1,21,40,60,30,70,31,31,31,NORMAL,FLYING,255,58,GROWTH_MEDIUM_FAST,,,,,,
1,22,65,90,65,100,61,61,61,NORMAL,FLYING,90,162,GROWTH_MEDIUM_FAST,,,,,,
1,23,35,60,44,55,40,40,40,POISON,POISON,255,62,GROWTH_MEDIUM_FAST,,,,,,
1,24,60,85,69,80,65,65,65,POISON,POISON,90,147,GROWTH_MEDIUM_FAST,,,,,,
1,25,35,55,30,90,50,50,50,ELECTRIC,ELECTRIC,190,82,GROWTH_MEDIUM_FAST,,,,,,
1,26,60,90,55,100,90,90,90,ELECTRIC,ELECTRIC,75,122,GROWTH_MEDIUM_FAST,,,,,,
1,27,50,75,85,40,30,30,30,GROUND,GROUND,255,93,GROWTH_MEDIUM_FAST,,,,,,
1,28,75,100,110,65,55,55,55,GROUND,GROUND,90,163,GROWTH_MEDIUM_FAST,,,,,,
1,29,55,47,52,41,40,40,40,POISON,POISON,235,59,GROWTH_MEDIUM_SLOW,,,,,,
1,30,70,62,67,56,55,55,55,POISON,POISON,120,117,GROWTH_MEDIUM_SLOW,,,,,,
1,31,90,82,87,76,75,75,75,POISON,GROUND,45,194,GROWTH_MEDIUM_SLOW,,,,,,
1,32,46,57,40,50,40,40,40,POISON,POISON,235,60,GROWTH_MEDIUM_SLOW,,,,,,
1,33,61,72,57,65,55,55,55,POISON,POISON,120,118,GROWTH_MEDIUM_SLOW,,,,,,
1,34,81,92,77,85,75,75,75,POISON,GROUND,45,195,GROWTH_MEDIUM_SLOW,,,,,,
1,35,70,45,48,35,60,60,60,NORMAL,NORMAL,150,68,GROWTH_FAST,,,,,,
1,36,95,70,73,60,85,85,85,NORMAL,NORMAL,25,129,GROWTH_FAST,,,,,,
1,37,38,41,40,65,65,65,65,FIRE,FIRE,190,63,GROWTH_MEDIUM_FAST,,,,,,
1,38,73,76,75,100,100,100,100,FIRE,FIRE,75,178,GROWTH_MEDIUM_FAST,,,,,,
1,39,115,45,20,20,25,25,25,NORMAL,NORMAL,170,76,GROWTH_FAST,,,,,,
1,40,140,70,45,45,50,50,50,NORMAL,NORMAL,50,109,GROWTH_FAST,,,,,,
1,41,40,45,35,55,40,40,40,POISON,FLYING,255,54,GROWTH_MEDIUM_FAST,,,,,,
1,42,75,80,70,90,75,75,75,POISON,FLYING,90,171,GROWTH_MEDIUM_FAST,,,,,,
1,43,45,50,55,30,75,75,75,GRASS,POISON,255,78,GROWTH_MEDIUM_SLOW,,,,,,
1,44,60,65,70,40,85,85,85,GRASS,POISON,120,132,GROWTH_MEDIUM_SLOW,,,,,,
1,45,75,80,85,50,100,100,100,GRASS,POISON,45,184,GROWTH_MEDIUM_SLOW,,,,,,
1,46,35,70,55,25,55,55,55,BUG,GRASS,190,70,GROWTH_MEDIUM_FAST,,,,,,
1,47,60,95,80,30,80,80,80,BUG,GRASS,75,128,GROWTH_MEDIUM_FAST,,,,,,
1,48,60,55,50,45,40,40,40,BUG,POISON,190,75,GROWTH_MEDIUM_FAST,,,,,,
1,49,70,65,60,90,90,90,90,BUG,POISON,75,138,GROWTH_MEDIUM_FAST,,,,,,
1,50,10,55,25,95,45,45,45,GROUND,GROUND,255,81,GROWTH_MEDIUM_FAST,,,,,,
1,51,35,80,50,120,70,70,70,GROUND,GROUND,50,153,GROWTH_MEDIUM_FAST,,,,,,
1,52,40,45,35,90,40,40,40,NORMAL,NORMAL,255,69,GROWTH_MEDIUM_FAST,,,,,,
1,53,65,70,60,115,65,65,65,NORMAL,NORMAL,90,148,GROWTH_MEDIUM_FAST,,,,,,
1,54,50,52,48,55,50,50,50,WATER,WATER,190,80,GROWTH_MEDIUM_FAST,,,,,,
1,55,80,82,78,85,80,80,80,WATER,WATER,75,174,GROWTH_MEDIUM_FAST,,,,,,
1,56,40,80,35,70,35,35,35,FIGHTING,FIGHTING,190,74,GROWTH_MEDIUM_FAST,,,,,,
1,57,65,105,60,95,60,60,60,FIGHTING,FIGHTING,75,149,GROWTH_MEDIUM_FAST,,,,,,
1,58,55,70,45,60,50,50,50,FIRE,FIRE,190,91,GROWTH_SLOW,,,,,,
1,59,90,110,80,95,80,80,80,FIRE,FIRE,75,213,GROWTH_SLOW,,,,,,
1,60,40,50,40,90,40,40,40,WATER,WATER,255,77,GROWTH_MEDIUM_SLOW,,,,,,
1,61,65,65,65,90,50,50,50,WATER,WATER,120,131,GROWTH_MEDIUM_SLOW,,,,,,
1,62,90,85,95,70,70,70,70,WATER,FIGHTING,45,185,GROWTH_MEDIUM_SLOW,,,,,,
1,63,25,20,15,90,105,105,105,PSYCHIC_TYPE,PSYCHIC_TYPE,200,73,GROWTH_MEDIUM_SLOW,,,,,,
1,64,40,35,30,105,120,120,120,PSYCHIC_TYPE,PSYCHIC_TYPE,100,145,GROWTH_MEDIUM_SLOW,,,,,,
1,65,55,50,45,120,135,135,135,PSYCHIC_TYPE,PSYCHIC_TYPE,50,186,GROWTH_MEDIUM_SLOW,,,,,,
1,66,70,80,50,35,35,35,35,FIGHTING,FIGHTING,180,88,GROWTH_MEDIUM_SLOW,,,,,,
1,67,80,100,70,45,50,50,50,FIGHTING,FIGHTING,90,146,GROWTH_MEDIUM_SLOW,,,,,,
1,68,90,130,80,55,65,65,65,FIGHTING,FIGHTING,45,193,GROWTH_MEDIUM_SLOW,,,,,,
1,69,50,75,35,40,70,70,70,GRASS,POISON,255,84,GROWTH_MEDIUM_SLOW,,,,,,
1,70,65,90,50,55,85,85,85,GRASS,POISON,120,151,GROWTH_MEDIUM_SLOW,,,,,,
1,71,80,105,65,70,100,100,100,GRASS,POISON,45,191,GROWTH_MEDIUM_SLOW,,,,,,
1,72,40,40,35,70,100,100,100,WATER,POISON,190,105,GROWTH_SLOW,,,,,,
1,73,80,70,65,100,120,120,120,WATER,POISON,60,205,GROWTH_SLOW,,,,,,
1,74,40,80,100,20,30,30,30,ROCK,GROUND,255,86,GROWTH_MEDIUM_SLOW,,,,,,
1,75,55,95,115,35,45,45,45,ROCK,GROUND,120,134,GROWTH_MEDIUM_SLOW,,,,,,
1,76,80,110,130,45,55,55,55,ROCK,GROUND,45,177,GROWTH_MEDIUM_SLOW,,,,,,
1,77,50,85,55,90,65,65,65,FIRE,FIRE,190,152,GROWTH_MEDIUM_FAST,,,,,,
1,78,65,100,70,105,80,80,80,FIRE,FIRE,60,192,GROWTH_MEDIUM_FAST,,,,,,
1,79,90,65,65,15,40,40,40,WATER,PSYCHIC_TYPE,190,99,GROWTH_MEDIUM_FAST,,,,,,
1,80,95,75,110,30,80,80,80,WATER,PSYCHIC_TYPE,75,164,GROWTH_MEDIUM_FAST,,,,,,
1,81,25,35,70,45,95,95,95,ELECTRIC,ELECTRIC,190,89,GROWTH_MEDIUM_FAST,,,,,,
1,82,50,60,95,70,120,120,120,ELECTRIC,ELECTRIC,60,161,GROWTH_MEDIUM_FAST,,,,,,
1,83,52,65,55,60,58,58,58,NORMAL,FLYING,45,94,GROWTH_MEDIUM_FAST,,,,,,
1,84,35,85,45,75,35,35,35,NORMAL,FLYING,190,96,GROWTH_MEDIUM_FAST,,,,,,
1,85,60,110,70,100,60,60,60,NORMAL,FLYING,45,158,GROWTH_MEDIUM_FAST,,,,,,
1,86,65,45,55,45,70,70,70,WATER,WATER,190,100,GROWTH_MEDIUM_FAST,,,,,,
1,87,90,70,80,70,95,95,95,WATER,ICE,75,176,GROWTH_MEDIUM_FAST,,,,,,
1,88,80,80,50,25,40,40,40,POISON,POISON,190,90,GROWTH_MEDIUM_FAST,,,,,,
1,89,105,105,75,50,65,65,65,POISON,POISON,75,157,GROWTH_MEDIUM_FAST,,,,,,
1,90,30,65,100,40,45,45,45,WATER,WATER,190,97,GROWTH_SLOW,,,,,,
1,91,50,95,180,70,85,85,85,WATER,ICE,60,203,GROWTH_SLOW,,,,,,
1,92,30,35,30,80,100,100,100,GHOST,POISON,190,95,GROWTH_MEDIUM_SLOW,,,,,,
1,93,45,50,45,95,115,115,115,GHOST,POISON,90,126,GROWTH_MEDIUM_SLOW,,,,,,
1,94,60,65,60,110,130,130,130,GHOST,POISON,45,190,GROWTH_MEDIUM_SLOW,,,,,,
1,95,35,45,160,70,30,30,30,ROCK,GROUND,45,108,GROWTH_MEDIUM_FAST,,,,,,
1,96,60,48,45,42,90,90,90,PSYCHIC_TYPE,PSYCHIC_TYPE,190,102,GROWTH_MEDIUM_FAST,,,,,,
1,97,85,73,70,67,115,115,115,PSYCHIC_TYPE,PSYCHIC_TYPE,75,165,GROWTH_MEDIUM_FAST,,,,,,
1,98,30,105,90,50,25,25,25,WATER,WATER,225,115,GROWTH_MEDIUM_FAST,,,,,,
1,99,55,130,115,75,50,50,50,WATER,WATER,60,206,GROWTH_MEDIUM_FAST,,,,,,
1,100,40,30,50,100,55,55,55,ELECTRIC,ELECTRIC,190,103,GROWTH_MEDIUM_FAST,,,,,,
1,101,60,50,70,140,80,80,80,ELECTRIC,ELECTRIC,60,150,GROWTH_MEDIUM_FAST,,,,,,
1,102,60,40,80,40,60,60,60,GRASS,PSYCHIC_TYPE,90,98,GROWTH_SLOW,,,,,,
1,103,95,95,85,55,125,125,125,GRASS,PSYCHIC_TYPE,45,212,GROWTH_SLOW,,,,,,
1,104,50,50,95,35,40,40,40,GROUND,GROUND,190,87,GROWTH_MEDIUM_FAST,,,,,,
1,105,60,80,110,45,50,50,50,GROUND,GROUND,75,124,GROWTH_MEDIUM_FAST,,,,,,
1,106,50,120,53,87,35,35,35,FIGHTING,FIGHTING,45,139,GROWTH_MEDIUM_FAST,,,,,,
1,107,50,105,79,76,35,35,35,FIGHTING,FIGHTING,45,140,GROWTH_MEDIUM_FAST,,,,,,
1,108,90,55,75,30,60,60,60,NORMAL,NORMAL,45,127,GROWTH_MEDIUM_FAST,,,,,,
1,109,40,65,95,35,60,60,60,POISON,POISON,190,114,GROWTH_MEDIUM_FAST,,,,,,
1,110,65,90,120,60,85,85,85,POISON,POISON,60,173,GROWTH_MEDIUM_FAST,,,,,,
1,111,80,85,95,25,30,30,30,GROUND,ROCK,120,135,GROWTH_SLOW,,,,,,
1,112,105,130,120,40,45,45,45,GROUND,ROCK,60,204,GROWTH_SLOW,,,,,,
1,113,250,5,5,50,105,105,105,NORMAL,NORMAL,30,255,GROWTH_FAST,,,,,,
1,114,65,55,115,60,100,100,100,GRASS,GRASS,45,166,GROWTH_MEDIUM_FAST,,,,,,
1,115,105,95,80,90,40,40,40,NORMAL,NORMAL,45,175,GROWTH_MEDIUM_FAST,,,,,,
1,116,30,40,70,60,70,70,70,WATER,WATER,225,83,GROWTH_MEDIUM_FAST,,,,,,
1,117,55,65,95,85,95,95,95,WATER,WATER,75,155,GROWTH_MEDIUM_FAST,,,,,,
1,118,45,67,60,63,50,50,50,WATER,WATER,225,111,GROWTH_MEDIUM_FAST,,,,,,
1,119,80,92,65,68,80,80,80,WATER,WATER,60,170,GROWTH_MEDIUM_FAST,,,,,,
1,120,30,45,55,85,70,70,70,WATER,WATER,225,106,GROWTH_SLOW,,,,,,
1,121,60,75,85,115,100,100,100,WATER,PSYCHIC_TYPE,60,207,GROWTH_SLOW,,,,,,
1,122,40,45,65,90,100,100,100,PSYCHIC_TYPE,PSYCHIC_TYPE,45,136,GROWTH_MEDIUM_FAST,,,,,,
1,123,70,110,80,105,55,55,55,BUG,FLYING,45,187,GROWTH_MEDIUM_FAST,,,,,,
1,124,65,50,35,95,95,95,95,ICE,PSYCHIC_TYPE,45,137,GROWTH_MEDIUM_FAST,,,,,,
1,125,65,83,57,105,85,85,85,ELECTRIC,ELECTRIC,45,156,GROWTH_MEDIUM_FAST,,,,,,
1,126,65,95,57,93,85,85,85,FIRE,FIRE,45,167,GROWTH_MEDIUM_FAST,,,,,,
1,127,65,125,100,85,55,55,55,BUG,BUG,45,200,GROWTH_SLOW,,,,,,
1,128,75,100,95,110,70,70,70,NORMAL,NORMAL,45,211,GROWTH_SLOW,,,,,,
1,129,20,10,55,80,20,20,20,WATER,WATER,255,20,GROWTH_SLOW,,,,,,
1,130,95,125,79,81,100,100,100,WATER,FLYING,45,214,GROWTH_SLOW,,,,,,
1,131,130,85,80,60,95,95,95,WATER,ICE,45,219,GROWTH_SLOW,,,,,,
1,132,48,48,48,48,48,48,48,NORMAL,NORMAL,35,61,GROWTH_MEDIUM_FAST,,,,,,
1,133,55,55,50,55,65,65,65,NORMAL,NORMAL,45,92,GROWTH_MEDIUM_FAST,,,,,,
1,134,130,65,60,65,110,110,110,WATER,WATER,45,196,GROWTH_MEDIUM_FAST,,,,,,
1,135,65,65,60,130,110,110,110,ELECTRIC,ELECTRIC,45,197,GROWTH_MEDIUM_FAST,,,,,,
1,136,65,130,60,65,110,110,110,FIRE,FIRE,45,198,GROWTH_MEDIUM_FAST,,,,,,
1,137,65,60,70,40,75,75,75,NORMAL,NORMAL,45,130,GROWTH_MEDIUM_FAST,,,,,,
1,138,35,40,100,35,90,90,90,ROCK,WATER,45,120,GROWTH_MEDIUM_FAST,,,,,,
1,139,70,60,125,55,115,115,115,ROCK,WATER,45,199,GROWTH_MEDIUM_FAST,,,,,,
1,140,30,80,90,55,45,45,45,ROCK,WATER,45,119,GROWTH_MEDIUM_FAST,,,,,,
1,141,60,115,105,80,70,70,70,ROCK,WATER,45,201,GROWTH_MEDIUM_FAST,,,,,,
1,142,80,105,65,130,60,60,60,ROCK,FLYING,45,202,GROWTH_SLOW,,,,,,
1,143,160,110,65,30,65,65,65,NORMAL,NORMAL,25,154,GROWTH_SLOW,,,,,,
1,144,90,85,100,85,125,125,125,ICE,FLYING,3,215,GROWTH_SLOW,,,,,,
1,145,90,90,85,100,125,125,125,ELECTRIC,FLYING,3,216,GROWTH_SLOW,,,,,,
1,146,90,100,90,90,125,125,125,FIRE,FLYING,3,217,GROWTH_SLOW,,,,,,
1,147,41,64,45,50,50,50,50,DRAGON,DRAGON,45,67,GROWTH_SLOW,,,,,,
1,148,61,84,65,70,70,70,70,DRAGON,DRAGON,45,144,GROWTH_SLOW,,,,,,
1,149,91,134,95,80,100,100,100,DRAGON,FLYING,45,218,GROWTH_SLOW,,,,,,
1,150,106,110,90,130,154,154,154,PSYCHIC_TYPE,PSYCHIC_TYPE,3,220,GROWTH_SLOW,,,,,,
1,151,100,100,100,100,100,100,100,PSYCHIC_TYPE,PSYCHIC_TYPE,45,64,GROWTH_MEDIUM_SLOW,,,,,,
2,1,45,49,49,45,65,65,65,GRASS,POISON,45,64,GROWTH_MEDIUM_SLOW,GENDER_F12_5,EGG_MONSTER,EGG_PLANT,NO_ITEM,NO_ITEM,20,100
2,2,60,62,63,60,80,80,80,GRASS,POISON,45,141,GROWTH_MEDIUM_SLOW,GENDER_F12_5,EGG_MONSTER,EGG_PLANT,NO_ITEM,NO_ITEM,20,100
2,3,80,82,83,80,100,100,100,GRASS,POISON,45,208,GROWTH_MEDIUM_SLOW,GENDER_F12_5,EGG_MONSTER,EGG_PLANT,NO_ITEM,NO_ITEM,20,100
2,4,39,52,43,65,60,60,50,FIRE,FIRE,45,65,GROWTH_MEDIUM_SLOW,GENDER_F12_5,EGG_MONSTER,EGG_DRAGON,NO_ITEM,NO_ITEM,20,100
2,5,58,64,58,80,80,80,65,FIRE,FIRE,45,142,GROWTH_MEDIUM_SLOW,GENDER_F12_5,EGG_MONSTER,EGG_DRAGON,NO_ITEM,NO_ITEM,20,100
2,6,78,84,78,100,109,109,85,FIRE,FLYING,45,209,GROWTH_MEDIUM_SLOW,GENDER_F12_5,EGG_MONSTER,EGG_DRAGON,NO_ITEM,NO_ITEM,20,100
2,7,44,48,65,43,50,50,64,WATER,WATER,45,66,GROWTH_MEDIUM_SLOW,GENDER_F12_5,EGG_MONSTER,EGG_WATER_1,NO_ITEM,NO_ITEM,20,100
2,8,59,63,80,58,65,65,80,WATER,WATER,45,143,GROWTH_MEDIUM_SLOW,GENDER_F12_5,EGG_MONSTER,EGG_WATER_1,NO_ITEM,NO_ITEM,20,100
2,9,79,83,100,78,85,85,105,WATER,WATER,45,210,GROWTH_MEDIUM_SLOW,GENDER_F12_5,EGG_MONSTER,EGG_WATER_1,NO_ITEM,NO_ITEM,20,100
2,10,45,30,35,45,20,20,20,BUG,BUG,255,53,GROWTH_MEDIUM_FAST,GENDER_F50,EGG_BUG,EGG_BUG,NO_ITEM,NO_ITEM,15,100
2,11,50,20,55,30,25,25,25,BUG,BUG,120,72,GROWTH_MEDIUM_FAST,GENDER_F50,EGG_BUG,EGG_BUG,NO_ITEM,NO_ITEM,15,100
2,12,60,45,50,70,80,80,80,BUG,FLYING,45,160,GROWTH_MEDIUM_FAST,GENDER_F50,EGG_BUG,EGG_BUG,NO_ITEM,SILVERPOWDER,15,100
2,13,40,35,30,50,20,20,20,BUG,POISON,255,52,GROWTH_MEDIUM_FAST,GENDER_F50,EGG_BUG,EGG_BUG,NO_ITEM,NO_ITEM,15,100
2,14,45,25,50,35,25,25,25,BUG,POISON,120,71,GROWTH_MEDIUM_FAST,GENDER_F50,EGG_BUG,EGG_BUG,NO_ITEM,NO_ITEM,15,100
2,15,65,80,40,75,45,45,80,BUG,POISON,45,159,GROWTH_MEDIUM_FAST,GENDER_F50,EGG_BUG,EGG_BUG,NO_ITEM,POISON_BARB,15,100
2,16,40,45,40,56,35,35,35,NORMAL,FLYING,255,55,GROWTH_MEDIUM_SLOW,GENDER_F50,EGG_FLYING,EGG_FLYING,NO_ITEM,NO_ITEM,15,100
2,17,63,60,55,71,50,50,50,NORMAL,FLYING,120,113,GROWTH_MEDIUM_SLOW,GENDER_F50,EGG_FLYING,EGG_FLYING,NO_ITEM,NO_ITEM,15,100
2,18,83,80,75,91,70,70,70,NORMAL,FLYING,45,172,GROWTH_MEDIUM_SLOW,GENDER_F50,EGG_FLYING,EGG_FLYING,NO_ITEM,NO_ITEM,15,100
2,19,30,56,35,72,25,25,35,NORMAL,NORMAL,255,57,GROWTH_MEDIUM_FAST,GENDER_F50,EGG_GROUND,EGG_GROUND,NO_ITEM,NO_ITEM,15,100
2,20,55,81,60,97,50,50,70,NORMAL,NORMAL,90,116,GROWTH_MEDIUM_FAST,GENDER_F50,EGG_GROUND,EGG_GROUND,NO_ITEM,NO_ITEM,15,100
2,21,40,60,30,70,31,31,31,NORMAL,FLYING,255,58,GROWTH_MEDIUM_FAST,GENDER_F50,EGG_FLYING,EGG_FLYING,NO_ITEM,NO_ITEM,15,100
2,22,65,90,65,100,61,61,61,NORMAL,FLYING,90,162,GROWTH_MEDIUM_FAST,GENDER_F50,EGG_FLYING,EGG_FLYING,NO_ITEM,SHARP_BEAK,15,100
2,23,35,60,44,55,40,40,54,POISON,POISON,255,62,GROWTH_MEDIUM_FAST,GENDER_F50,EGG_GROUND,EGG_DRAGON,NO_ITEM,NO_ITEM,20,100
2,24,60,85,69,80,65,65,79,POISON,POISON,90,147,GROWTH_MEDIUM_FAST,GENDER_F50,EGG_GROUND,EGG_DRAGON,NO_ITEM,NO_ITEM,20,100
2,25,35,55,30,90,50,50,40,ELECTRIC,ELECTRIC,190,82,GROWTH_MEDIUM_FAST,GENDER_F50,EGG_GROUND,EGG_FAIRY,NO_ITEM,BERRY,10,100
2,26,60,90,55,100,90,90,80,ELECTRIC,ELECTRIC,75,122,GROWTH_MEDIUM_FAST,GENDER_F50,EGG_GROUND,EGG_FAIRY,NO_ITEM,BERRY,10,100
2,27,50,75,85,40,20,20,30,GROUND,GROUND,255,93,GROWTH_MEDIUM_FAST,GENDER_F50,EGG_GROUND,EGG_GROUND,NO_ITEM,NO_ITEM,20,100
2,28,75,100,110,65,45,45,55,GROUND,GROUND,90,163,GROWTH_MEDIUM_FAST,GENDER_F50,EGG_GROUND,EGG_GROUND,NO_ITEM,NO_ITEM,20,100
2,29,55,47,52,41,40,40,40,POISON,POISON,235,59,GROWTH_MEDIUM_SLOW,GENDER_F100,EGG_MONSTER,EGG_GROUND,NO_ITEM,NO_ITEM,20,100
2,30,70,62,67,56,55,55,55,POISON,POISON,120,117,GROWTH_MEDIUM_SLOW,GENDER_F100,EGG_NONE,EGG_NONE,NO_ITEM,NO_ITEM,20,100
2,31,90,82,87,76,75,75,85,POISON,GROUND,45,194,GROWTH_MEDIUM_SLOW,GENDER_F100,EGG_NONE,EGG_NONE,NO_ITEM,NO_ITEM,20,100
2,32,46,57,40,50,40,40,40,POISON,POISON,235,60,GROWTH_MEDIUM_SLOW,GENDER_F0,EGG_MONSTER,EGG_GROUND,NO_ITEM,NO_ITEM,20,100
2,33,61,72,57,65,55,55,55,POISON,POISON,120,118,GROWTH_MEDIUM_SLOW,GENDER_F0,EGG_MONSTER,EGG_GROUND,NO_ITEM,NO_ITEM,20,100
2,34,81,92,77,85,85,85,75,POISON,GROUND,45,195,GROWTH_MEDIUM_SLOW,GENDER_F0,EGG_MONSTER,EGG_GROUND,NO_ITEM,NO_ITEM,20,100
2,35,70,45,48,35,60,60,65,NORMAL,NORMAL,150,68,GROWTH_FAST,GENDER_F75,EGG_FAIRY,EGG_FAIRY,MYSTERYBERRY,MOON_STONE,10,100
2,36,95,70,73,60,85,85,90,NORMAL,NORMAL,25,129,GROWTH_FAST,GENDER_F75,EGG_FAIRY,EGG_FAIRY,MYSTERYBERRY,MOON_STONE,10,100
2,37,38,41,40,65,50,50,65,FIRE,FIRE,190,63,GROWTH_MEDIUM_FAST,GENDER_F75,EGG_GROUND,EGG_GROUND,BURNT_BERRY,BURNT_BERRY,20,100
2,38,73,76,75,100,81,81,100,FIRE,FIRE,75,178,GROWTH_MEDIUM_FAST,GENDER_F75,EGG_GROUND,EGG_GROUND,BURNT_BERRY,BURNT_BERRY,20,100
2,39,115,45,20,20,45,45,25,NORMAL,NORMAL,170,76,GROWTH_FAST,GENDER_F75,EGG_FAIRY,EGG_FAIRY,NO_ITEM,NO_ITEM,10,100
2,40,140,70,45,45,75,75,50,NORMAL,NORMAL,50,109,GROWTH_FAST,GENDER_F75,EGG_FAIRY,EGG_FAIRY,NO_ITEM,NO_ITEM,10,100
2,41,40,45,35,55,30,30,40,POISON,FLYING,255,54,GROWTH_MEDIUM_FAST,GENDER_F50,EGG_FLYING,EGG_FLYING,NO_ITEM,NO_ITEM,15,100
2,42,75,80,70,90,65,65,75,POISON,FLYING,90,171,GROWTH_MEDIUM_FAST,GENDER_F50,EGG_FLYING,EGG_FLYING,NO_ITEM,NO_ITEM,15,100
2,43,45,50,55,30,75,75,65,GRASS,POISON,255,78,GROWTH_MEDIUM_SLOW,GENDER_F50,EGG_PLANT,EGG_PLANT,NO_ITEM,NO_ITEM,20,100
2,44,60,65,70,40,85,85,75,GRASS,POISON,120,132,GROWTH_MEDIUM_SLOW,GENDER_F50,EGG_PLANT,EGG_PLANT,NO_ITEM,NO_ITEM,20,100
2,45,75,80,85,50,100,100,90,GRASS,POISON,45,184,GROWTH_MEDIUM_SLOW,GENDER_F50,EGG_PLANT,EGG_PLANT,NO_ITEM,NO_ITEM,20,100
2,46,35,70,55,25,45,45,55,BUG,GRASS,190,70,GROWTH_MEDIUM_FAST,GENDER_F50,EGG_BUG,EGG_PLANT,TINYMUSHROOM,BIG_MUSHROOM,20,100
2,47,60,95,80,30,60,60,80,BUG,GRASS,75,128,GROWTH_MEDIUM_FAST,GENDER_F50,EGG_BUG,EGG_PLANT,TINYMUSHROOM,BIG_MUSHROOM,20,100
2,48,60,55,50,45,40,40,55,BUG,POISON,190,75,GROWTH_MEDIUM_FAST,GENDER_F50,EGG_BUG,EGG_BUG,NO_ITEM,NO_ITEM,20,100
2,49,70,65,60,90,90,90,75,BUG,POISON,75,138,GROWTH_MEDIUM_FAST,GENDER_F50,EGG_BUG,EGG_BUG,NO_ITEM,NO_ITEM,20,100
2,50,10,55,25,95,35,35,45,GROUND,GROUND,255,81,GROWTH_MEDIUM_FAST,GENDER_F50,EGG_GROUND,EGG_GROUND,NO_ITEM,NO_ITEM,20,100
2,51,35,80,50,120,50,50,70,GROUND,GROUND,50,153,GROWTH_MEDIUM_FAST,GENDER_F50,EGG_GROUND,EGG_GROUND,NO_ITEM,NO_ITEM,20,100
2,52,40,45,35,90,40,40,40,NORMAL,NORMAL,255,69,GROWTH_MEDIUM_FAST,GENDER_F50,EGG_GROUND,EGG_GROUND,NO_ITEM,NO_ITEM,20,100
2,53,65,70,60,115,65,65,65,NORMAL,NORMAL,90,148,GROWTH_MEDIUM_FAST,GENDER_F50,EGG_GROUND,EGG_GROUND,NO_ITEM,NO_ITEM,20,100
2,54,50,52,48,55,65,65,50,WATER,WATER,190,80,GROWTH_MEDIUM_FAST,GENDER_F50,EGG_WATER_1,EGG_GROUND,NO_ITEM,NO_ITEM,20,100
2,55,80,82,78,85,95,95,80,WATER,WATER,75,174,GROWTH_MEDIUM_FAST,GENDER_F50,EGG_WATER_1,EGG_GROUND,NO_ITEM,NO_ITEM,20,100
2,56,40,80,35,70,35,35,45,FIGHTING,FIGHTING,190,74,GROWTH_MEDIUM_FAST,GENDER_F50,EGG_GROUND,EGG_GROUND,NO_ITEM,NO_ITEM,20,100
2,57,65,105,60,95,60,60,70,FIGHTING,FIGHTING,75,149,GROWTH_MEDIUM_FAST,GENDER_F50,EGG_GROUND,EGG_GROUND,NO_ITEM,NO_ITEM,20,100
2,58,55,70,45,60,70,70,50,FIRE,FIRE,190,91,GROWTH_SLOW,GENDER_F25,EGG_GROUND,EGG_GROUND,BURNT_BERRY,BURNT_BERRY,20,100
2,59,90,110,80,95,100,100,80,FIRE,FIRE,75,213,GROWTH_SLOW,GENDER_F25,EGG_GROUND,EGG_GROUND,BURNT_BERRY,BURNT_BERRY,20,100
2,60,40,50,40,90,40,40,40,WATER,WATER,255,77,GROWTH_MEDIUM_SLOW,GENDER_F50,EGG_WATER_1,EGG_WATER_1,NO_ITEM,NO_ITEM,20,100
2,61,65,65,65,90,50,50,50,WATER,WATER,120,131,GROWTH_MEDIUM_SLOW,GENDER_F50,EGG_WATER_1,EGG_WATER_1,NO_ITEM,KINGS_ROCK,20,100
2,62,90,85,95,70,70,70,90,WATER,FIGHTING,45,185,GROWTH_MEDIUM_SLOW,GENDER_F50,EGG_WATER_1,EGG_WATER_1,NO_ITEM,KINGS_ROCK,20,100
2,63,25,20,15,90,105,105,55,PSYCHIC_TYPE,PSYCHIC_TYPE,200,73,GROWTH_MEDIUM_SLOW,GENDER_F25,EGG_HUMANSHAPE,EGG_HUMANSHAPE,NO_ITEM,NO_ITEM,20,100
2,64,40,35,30,105,120,120,70,PSYCHIC_TYPE,PSYCHIC_TYPE,100,145,GROWTH_MEDIUM_SLOW,GENDER_F25,EGG_HUMANSHAPE,EGG_HUMANSHAPE,NO_ITEM,NO_ITEM,20,100
2,65,55,50,45,120,135,135,85,PSYCHIC_TYPE,PSYCHIC_TYPE,50,186,GROWTH_MEDIUM_SLOW,GENDER_F25,EGG_HUMANSHAPE,EGG_HUMANSHAPE,NO_ITEM,NO_ITEM,20,100
2,66,70,80,50,35,35,35,35,FIGHTING,FIGHTING,180,88,GROWTH_MEDIUM_SLOW,GENDER_F25,EGG_HUMANSHAPE,EGG_HUMANSHAPE,NO_ITEM,NO_ITEM,20,100
2,67,80,100,70,45,50,50,60,FIGHTING,FIGHTING,90,146,GROWTH_MEDIUM_SLOW,GENDER_F25,EGG_HUMANSHAPE,EGG_HUMANSHAPE,NO_ITEM,NO_ITEM,20,100
2,68,90,130,80,55,65,65,85,FIGHTING,FIGHTING,45,193,GROWTH_MEDIUM_SLOW,GENDER_F25,EGG_HUMANSHAPE,EGG_HUMANSHAPE,NO_ITEM,NO_ITEM,20,100
2,69,50,75,35,40,70,70,30,GRASS,POISON,255,84,GROWTH_MEDIUM_SLOW,GENDER_F50,EGG_PLANT,EGG_PLANT,NO_ITEM,NO_ITEM,20,100
2,70,65,90,50,55,85,85,45,GRASS,POISON,120,151,GROWTH_MEDIUM_SLOW,GENDER_F50,EGG_PLANT,EGG_PLANT,NO_ITEM,NO_ITEM,20,100
2,71,80,105,65,70,100,100,60,GRASS,POISON,45,191,GROWTH_MEDIUM_SLOW,GENDER_F50,EGG_PLANT,EGG_PLANT,NO_ITEM,NO_ITEM,20,100
2,72,40,40,35,70,50,50,100,WATER,POISON,190,105,GROWTH_SLOW,GENDER_F50,EGG_WATER_3,EGG_WATER_3,NO_ITEM,NO_ITEM,20,100
2,73,80,70,65,100,80,80,120,WATER,POISON,60,205,GROWTH_SLOW,GENDER_F50,EGG_WATER_3,EGG_WATER_3,NO_ITEM,NO_ITEM,20,100
2,74,40,80,100,20,30,30,30,ROCK,GROUND,255,86,GROWTH_MEDIUM_SLOW,GENDER_F50,EGG_MINERAL,EGG_MINERAL,NO_ITEM,EVERSTONE,15,100
2,75,55,95,115,35,45,45,45,ROCK,GROUND,120,134,GROWTH_MEDIUM_SLOW,GENDER_F50,EGG_MINERAL,EGG_MINERAL,NO_ITEM,EVERSTONE,15,100
2,76,80,110,130,45,55,55,65,ROCK,GROUND,45,177,GROWTH_MEDIUM_SLOW,GENDER_F50,EGG_MINERAL,EGG_MINERAL,NO_ITEM,EVERSTONE,15,100
2,77,50,85,55,90,65,65,65,FIRE,FIRE,190,152,GROWTH_MEDIUM_FAST,GENDER_F50,EGG_GROUND,EGG_GROUND,NO_ITEM,NO_ITEM,20,100
2,78,65,100,70,105,80,80,80,FIRE,FIRE,60,192,GROWTH_MEDIUM_FAST,GENDER_F50,EGG_GROUND,EGG_GROUND,NO_ITEM,NO_ITEM,20,100
2,79,90,65,65,15,40,40,40,WATER,PSYCHIC_TYPE,190,99,GROWTH_MEDIUM_FAST,GENDER_F50,EGG_MONSTER,EGG_WATER_1,NO_ITEM,KINGS_ROCK,20,100
2,80,95,75,110,30,100,100,80,WATER,PSYCHIC_TYPE,75,164,GROWTH_MEDIUM_FAST,GENDER_F50,EGG_MONSTER,EGG_WATER_1,NO_ITEM,KINGS_ROCK,20,100
2,81,25,35,70,45,95,95,55,ELECTRIC,STEEL,190,89,GROWTH_MEDIUM_FAST,GENDER_UNKNOWN,EGG_MINERAL,EGG_MINERAL,NO_ITEM,METAL_COAT,20,100
2,82,50,60,95,70,120,120,70,ELECTRIC,STEEL,60,161,GROWTH_MEDIUM_FAST,GENDER_UNKNOWN,EGG_MINERAL,EGG_MINERAL,NO_ITEM,METAL_COAT,20,100
2,83,52,65,55,60,58,58,62,NORMAL,FLYING,45,94,GROWTH_MEDIUM_FAST,GENDER_F50,EGG_FLYING,EGG_GROUND,NO_ITEM,STICK,20,100
2,84,35,85,45,75,35,35,35,NORMAL,FLYING,190,96,GROWTH_MEDIUM_FAST,GENDER_F50,EGG_FLYING,EGG_FLYING,NO_ITEM,NO_ITEM,20,100
2,85,60,110,70,100,60,60,60,NORMAL,FLYING,45,158,GROWTH_MEDIUM_FAST,GENDER_F50,EGG_FLYING,EGG_FLYING,NO_ITEM,SHARP_BEAK,20,100
2,86,65,45,55,45,45,45,70,WATER,WATER,190,100,GROWTH_MEDIUM_FAST,GENDER_F50,EGG_WATER_1,EGG_GROUND,NO_ITEM,NO_ITEM,20,100
2,87,90,70,80,70,70,70,95,WATER,ICE,75,176,GROWTH_MEDIUM_FAST,GENDER_F50,EGG_WATER_1,EGG_GROUND,NO_ITEM,NO_ITEM,20,100
2,88,80,80,50,25,40,40,50,POISON,POISON,190,90,GROWTH_MEDIUM_FAST,GENDER_F50,EGG_INDETERMINATE,EGG_INDETERMINATE,NO_ITEM,NUGGET,20,100
2,89,105,105,75,50,65,65,100,POISON,POISON,75,157,GROWTH_MEDIUM_FAST,GENDER_F50,EGG_INDETERMINATE,EGG_INDETERMINATE,NO_ITEM,NUGGET,20,100
2,90,30,65,100,40,45,45,25,WATER,WATER,190,97,GROWTH_SLOW,GENDER_F50,EGG_WATER_3,EGG_WATER_3,PEARL,BIG_PEARL,20,100
2,91,50,95,180,70,85,85,45,WATER,ICE,60,203,GROWTH_SLOW,GENDER_F50,EGG_WATER_3,EGG_WATER_3,PEARL,BIG_PEARL,20,100
2,92,30,35,30,80,100,100,35,GHOST,POISON,190,95,GROWTH_MEDIUM_SLOW,GENDER_F50,EGG_INDETERMINATE,EGG_INDETERMINATE,NO_ITEM,NO_ITEM,20,100
2,93,45,50,45,95,115,115,55,GHOST,POISON,90,126,GROWTH_MEDIUM_SLOW,GENDER_F50,EGG_INDETERMINATE,EGG_INDETERMINATE,NO_ITEM,NO_ITEM,20,100
2,94,60,65,60,110,130,130,75,GHOST,POISON,45,190,GROWTH_MEDIUM_SLOW,GENDER_F50,EGG_INDETERMINATE,EGG_INDETERMINATE,NO_ITEM,NO_ITEM,20,100
2,95,35,45,160,70,30,30,45,ROCK,GROUND,45,108,GROWTH_MEDIUM_FAST,GENDER_F50,EGG_MINERAL,EGG_MINERAL,NO_ITEM,NO_ITEM,25,100
2,96,60,48,45,42,43,43,90,PSYCHIC_TYPE,PSYCHIC_TYPE,190,102,GROWTH_MEDIUM_FAST,GENDER_F50,EGG_HUMANSHAPE,EGG_HUMANSHAPE,NO_ITEM,NO_ITEM,20,100
2,97,85,73,70,67,73,73,115,PSYCHIC_TYPE,PSYCHIC_TYPE,75,165,GROWTH_MEDIUM_FAST,GENDER_F50,EGG_HUMANSHAPE,EGG_HUMANSHAPE,NO_ITEM,NO_ITEM,20,100
2,98,30,105,90,50,25,25,25,WATER,WATER,225,115,GROWTH_MEDIUM_FAST,GENDER_F50,EGG_WATER_3,EGG_WATER_3,NO_ITEM,NO_ITEM,20,100
2,99,55,130,115,75,50,50,50,WATER,WATER,60,206,GROWTH_MEDIUM_FAST,GENDER_F50,EGG_WATER_3,EGG_WATER_3,NO_ITEM,NO_ITEM,20,100
2,100,40,30,50,100,55,55,55,ELECTRIC,ELECTRIC,190,103,GROWTH_MEDIUM_FAST,GENDER_UNKNOWN,EGG_MINERAL,EGG_MINERAL,NO_ITEM,NO_ITEM,20,100
2,101,60,50,70,140,80,80,80,ELECTRIC,ELECTRIC,60,150,GROWTH_MEDIUM_FAST,GENDER_UNKNOWN,EGG_MINERAL,EGG_MINERAL,NO_ITEM,NO_ITEM,20,100
2,102,60,40,80,40,60,60,45,GRASS,PSYCHIC_TYPE,90,98,GROWTH_SLOW,GENDER_F50,EGG_PLANT,EGG_PLANT,NO_ITEM,NO_ITEM,20,100
2,103,95,95,85,55,125,125,65,GRASS,PSYCHIC_TYPE,45,212,GROWTH_SLOW,GENDER_F50,EGG_PLANT,EGG_PLANT,NO_ITEM,NO_ITEM,20,100
2,104,50,50,95,35,40,40,50,GROUND,GROUND,190,87,GROWTH_MEDIUM_FAST,GENDER_F50,EGG_MONSTER,EGG_MONSTER,NO_ITEM,THICK_CLUB,20,100
2,105,60,80,110,45,50,50,80,GROUND,GROUND,75,124,GROWTH_MEDIUM_FAST,GENDER_F50,EGG_MONSTER,EGG_MONSTER,NO_ITEM,THICK_CLUB,20,100
2,106,50,120,53,87,35,35,110,FIGHTING,FIGHTING,45,139,GROWTH_MEDIUM_FAST,GENDER_F0,EGG_HUMANSHAPE,EGG_HUMANSHAPE,NO_ITEM,NO_ITEM,25,100
2,107,50,105,79,76,35,35,110,FIGHTING,FIGHTING,45,140,GROWTH_MEDIUM_FAST,GENDER_F0,EGG_HUMANSHAPE,EGG_HUMANSHAPE,NO_ITEM,NO_ITEM,25,100
2,108,90,55,75,30,60,60,75,NORMAL,NORMAL,45,127,GROWTH_MEDIUM_FAST,GENDER_F50,EGG_MONSTER,EGG_MONSTER,NO_ITEM,NO_ITEM,20,100
2,109,40,65,95,35,60,60,45,POISON,POISON,190,114,GROWTH_MEDIUM_FAST,GENDER_F50,EGG_INDETERMINATE,EGG_INDETERMINATE,NO_ITEM,NO_ITEM,20,100
2,110,65,90,120,60,85,85,70,POISON,POISON,60,173,GROWTH_MEDIUM_FAST,GENDER_F50,EGG_INDETERMINATE,EGG_INDETERMINATE,NO_ITEM,NO_ITEM,20,100
2,111,80,85,95,25,30,30,30,GROUND,ROCK,120,135,GROWTH_SLOW,GENDER_F50,EGG_MONSTER,EGG_GROUND,NO_ITEM,NO_ITEM,20,100
2,112,105,130,120,40,45,45,45,GROUND,ROCK,60,204,GROWTH_SLOW,GENDER_F50,EGG_MONSTER,EGG_GROUND,NO_ITEM,NO_ITEM,20,100
2,113,250,05,05,50,35,35,105,NORMAL,NORMAL,30,255,GROWTH_FAST,GENDER_F100,EGG_FAIRY,EGG_FAIRY,NO_ITEM,LUCKY_EGG,40,100
2,114,65,55,115,60,100,100,40,GRASS,GRASS,45,166,GROWTH_MEDIUM_FAST,GENDER_F50,EGG_PLANT,EGG_PLANT,NO_ITEM,NO_ITEM,20,100
2,115,105,95,80,90,40,40,80,NORMAL,NORMAL,45,175,GROWTH_MEDIUM_FAST,GENDER_F100,EGG_MONSTER,EGG_MONSTER,NO_ITEM,NO_ITEM,20,100
2,116,30,40,70,60,70,70,25,WATER,WATER,225,83,GROWTH_MEDIUM_FAST,GENDER_F50,EGG_WATER_1,EGG_DRAGON,NO_ITEM,DRAGON_SCALE,20,100
2,117,55,65,95,85,95,95,45,WATER,WATER,75,155,GROWTH_MEDIUM_FAST,GENDER_F50,EGG_WATER_1,EGG_DRAGON,NO_ITEM,DRAGON_SCALE,20,100
2,118,45,67,60,63,35,35,50,WATER,WATER,225,111,GROWTH_MEDIUM_FAST,GENDER_F50,EGG_WATER_2,EGG_WATER_2,NO_ITEM,NO_ITEM,20,100
2,119,80,92,65,68,65,65,80,WATER,WATER,60,170,GROWTH_MEDIUM_FAST,GENDER_F50,EGG_WATER_2,EGG_WATER_2,NO_ITEM,NO_ITEM,20,100
2,120,30,45,55,85,70,70,55,WATER,WATER,225,106,GROWTH_SLOW,GENDER_UNKNOWN,EGG_WATER_3,EGG_WATER_3,STARDUST,STAR_PIECE,20,100
2,121,60,75,85,115,100,100,85,WATER,PSYCHIC_TYPE,60,207,GROWTH_SLOW,GENDER_UNKNOWN,EGG_WATER_3,EGG_WATER_3,STARDUST,STAR_PIECE,20,100
2,122,40,45,65,90,100,100,120,PSYCHIC_TYPE,PSYCHIC_TYPE,45,136,GROWTH_MEDIUM_FAST,GENDER_F50,EGG_HUMANSHAPE,EGG_HUMANSHAPE,NO_ITEM,MYSTERYBERRY,25,100
2,123,70,110,80,105,55,55,80,BUG,FLYING,45,187,GROWTH_MEDIUM_FAST,GENDER_F50,EGG_BUG,EGG_BUG,NO_ITEM,NO_ITEM,25,100
2,124,65,50,35,95,115,115,95,ICE,PSYCHIC_TYPE,45,137,GROWTH_MEDIUM_FAST,GENDER_F100,EGG_HUMANSHAPE,EGG_HUMANSHAPE,ICE_BERRY,ICE_BERRY,25,100
2,125,65,83,57,105,95,95,85,ELECTRIC,ELECTRIC,45,156,GROWTH_MEDIUM_FAST,GENDER_F25,EGG_HUMANSHAPE,EGG_HUMANSHAPE,NO_ITEM,NO_ITEM,25,100
2,126,65,95,57,93,100,100,85,FIRE,FIRE,45,167,GROWTH_MEDIUM_FAST,GENDER_F25,EGG_HUMANSHAPE,EGG_HUMANSHAPE,BURNT_BERRY,BURNT_BERRY,25,100
2,127,65,125,100,85,55,55,70,BUG,BUG,45,200,GROWTH_SLOW,GENDER_F50,EGG_BUG,EGG_BUG,NO_ITEM,NO_ITEM,25,100
2,128,75,100,95,110,40,40,70,NORMAL,NORMAL,45,211,GROWTH_SLOW,GENDER_F0,EGG_GROUND,EGG_GROUND,NO_ITEM,NO_ITEM,20,100
2,129,20,10,55,80,15,15,20,WATER,WATER,255,20,GROWTH_SLOW,GENDER_F50,EGG_WATER_2,EGG_DRAGON,NO_ITEM,NO_ITEM,5,100
2,130,95,125,79,81,60,60,100,WATER,FLYING,45,214,GROWTH_SLOW,GENDER_F50,EGG_WATER_2,EGG_DRAGON,NO_ITEM,NO_ITEM,5,100
2,131,130,85,80,60,85,85,95,WATER,ICE,45,219,GROWTH_SLOW,GENDER_F50,EGG_MONSTER,EGG_WATER_1,NO_ITEM,NO_ITEM,40,100
2,132,48,48,48,48,48,48,48,NORMAL,NORMAL,35,61,GROWTH_MEDIUM_FAST,GENDER_UNKNOWN,EGG_DITTO,EGG_DITTO,NO_ITEM,NO_ITEM,20,100
2,133,55,55,50,55,45,45,65,NORMAL,NORMAL,45,92,GROWTH_MEDIUM_FAST,GENDER_F12_5,EGG_GROUND,EGG_GROUND,NO_ITEM,NO_ITEM,35,100
2,134,130,65,60,65,110,110,95,WATER,WATER,45,196,GROWTH_MEDIUM_FAST,GENDER_F12_5,EGG_GROUND,EGG_GROUND,NO_ITEM,NO_ITEM,35,100
2,135,65,65,60,130,110,110,95,ELECTRIC,ELECTRIC,45,197,GROWTH_MEDIUM_FAST,GENDER_F12_5,EGG_GROUND,EGG_GROUND,NO_ITEM,NO_ITEM,35,100
2,136,65,130,60,65,95,95,110,FIRE,FIRE,45,198,GROWTH_MEDIUM_FAST,GENDER_F12_5,EGG_GROUND,EGG_GROUND,NO_ITEM,NO_ITEM,35,100
2,137,65,60,70,40,85,85,75,NORMAL,NORMAL,45,130,GROWTH_MEDIUM_FAST,GENDER_UNKNOWN,EGG_MINERAL,EGG_MINERAL,NO_ITEM,NO_ITEM,20,100
2,138,35,40,100,35,90,90,55,ROCK,WATER,45,120,GROWTH_MEDIUM_FAST,GENDER_F12_5,EGG_WATER_1,EGG_WATER_3,NO_ITEM,NO_ITEM,30,100
2,139,70,60,125,55,115,115,70,ROCK,WATER,45,199,GROWTH_MEDIUM_FAST,GENDER_F12_5,EGG_WATER_1,EGG_WATER_3,NO_ITEM,NO_ITEM,30,100
2,140,30,80,90,55,55,55,45,ROCK,WATER,45,119,GROWTH_MEDIUM_FAST,GENDER_F12_5,EGG_WATER_1,EGG_WATER_3,NO_ITEM,NO_ITEM,30,100
2,141,60,115,105,80,65,65,70,ROCK,WATER,45,201,GROWTH_MEDIUM_FAST,GENDER_F12_5,EGG_WATER_1,EGG_WATER_3,NO_ITEM,NO_ITEM,30,100
2,142,80,105,65,130,60,60,75,ROCK,FLYING,45,202,GROWTH_SLOW,GENDER_F12_5,EGG_FLYING,EGG_FLYING,NO_ITEM,NO_ITEM,35,100
2,143,160,110,65,30,65,65,110,NORMAL,NORMAL,25,154,GROWTH_SLOW,GENDER_F12_5,EGG_MONSTER,EGG_MONSTER,LEFTOVERS,LEFTOVERS,40,100
2,144,90,85,100,85,95,95,125,ICE,FLYING,3,215,GROWTH_SLOW,GENDER_UNKNOWN,EGG_NONE,EGG_NONE,NO_ITEM,NO_ITEM,80,100
2,145,90,90,85,100,125,125,90,ELECTRIC,FLYING,3,216,GROWTH_SLOW,GENDER_UNKNOWN,EGG_NONE,EGG_NONE,NO_ITEM,NO_ITEM,80,100
2,146,90,100,90,90,125,125,85,FIRE,FLYING,3,217,GROWTH_SLOW,GENDER_UNKNOWN,EGG_NONE,EGG_NONE,NO_ITEM,NO_ITEM,80,100
2,147,41,64,45,50,50,50,50,DRAGON,DRAGON,45,67,GROWTH_SLOW,GENDER_F50,EGG_WATER_1,EGG_DRAGON,NO_ITEM,DRAGON_SCALE,40,100
2,148,61,84,65,70,70,70,70,DRAGON,DRAGON,45,144,GROWTH_SLOW,GENDER_F50,EGG_WATER_1,EGG_DRAGON,NO_ITEM,DRAGON_SCALE,40,100
2,149,91,134,95,80,100,100,100,DRAGON,FLYING,45,218,GROWTH_SLOW,GENDER_F50,EGG_WATER_1,EGG_DRAGON,NO_ITEM,DRAGON_SCALE,40,100
2,150,106,110,90,130,154,154,90,PSYCHIC_TYPE,PSYCHIC_TYPE,3,220,GROWTH_SLOW,GENDER_UNKNOWN,EGG_NONE,EGG_NONE,NO_ITEM,BERSERK_GENE,120,100
2,151,100,100,100,100,100,100,100,PSYCHIC_TYPE,PSYCHIC_TYPE,45,64,GROWTH_MEDIUM_SLOW,GENDER_UNKNOWN,EGG_NONE,EGG_NONE,NO_ITEM,MIRACLEBERRY,120,100
2,152,45,49,65,45,49,49,65,GRASS,GRASS,45,64,GROWTH_MEDIUM_SLOW,GENDER_F12_5,EGG_MONSTER,EGG_PLANT,NO_ITEM,NO_ITEM,20,100
2,153,60,62,80,60,63,63,80,GRASS,GRASS,45,141,GROWTH_MEDIUM_SLOW,GENDER_F12_5,EGG_MONSTER,EGG_PLANT,NO_ITEM,NO_ITEM,20,100
2,154,80,82,100,80,83,83,100,GRASS,GRASS,45,208,GROWTH_MEDIUM_SLOW,GENDER_F12_5,EGG_MONSTER,EGG_PLANT,NO_ITEM,NO_ITEM,20,100
2,155,39,52,43,65,60,60,50,FIRE,FIRE,45,65,GROWTH_MEDIUM_SLOW,GENDER_F12_5,EGG_GROUND,EGG_GROUND,NO_ITEM,NO_ITEM,20,100
2,156,58,64,58,80,80,80,65,FIRE,FIRE,45,142,GROWTH_MEDIUM_SLOW,GENDER_F12_5,EGG_GROUND,EGG_GROUND,NO_ITEM,NO_ITEM,20,100
2,157,78,84,78,100,109,109,85,FIRE,FIRE,45,209,GROWTH_MEDIUM_SLOW,GENDER_F12_5,EGG_GROUND,EGG_GROUND,NO_ITEM,NO_ITEM,20,100
2,158,50,65,64,43,44,44,48,WATER,WATER,45,66,GROWTH_MEDIUM_SLOW,GENDER_F12_5,EGG_MONSTER,EGG_WATER_1,NO_ITEM,NO_ITEM,20,100
2,159,65,80,80,58,59,59,63,WATER,WATER,45,143,GROWTH_MEDIUM_SLOW,GENDER_F12_5,EGG_MONSTER,EGG_WATER_1,NO_ITEM,NO_ITEM,20,100
2,160,85,105,100,78,79,79,83,WATER,WATER,45,210,GROWTH_MEDIUM_SLOW,GENDER_F12_5,EGG_MONSTER,EGG_WATER_1,NO_ITEM,NO_ITEM,20,100
2,161,35,46,34,20,35,35,45,NORMAL,NORMAL,255,57,GROWTH_MEDIUM_FAST,GENDER_F50,EGG_GROUND,EGG_GROUND,NO_ITEM,BERRY,15,100
2,162,85,76,64,90,45,45,55,NORMAL,NORMAL,90,116,GROWTH_MEDIUM_FAST,GENDER_F50,EGG_GROUND,EGG_GROUND,BERRY,GOLD_BERRY,15,100
2,163,60,30,30,50,36,36,56,NORMAL,FLYING,255,58,GROWTH_MEDIUM_FAST,GENDER_F50,EGG_FLYING,EGG_FLYING,NO_ITEM,NO_ITEM,15,100
2,164,100,50,50,70,76,76,96,NORMAL,FLYING,90,162,GROWTH_MEDIUM_FAST,GENDER_F50,EGG_FLYING,EGG_FLYING,NO_ITEM,NO_ITEM,15,100
2,165,40,20,30,55,40,40,80,BUG,FLYING,255,54,GROWTH_FAST,GENDER_F50,EGG_BUG,EGG_BUG,NO_ITEM,NO_ITEM,15,100
2,166,55,35,50,85,55,55,110,BUG,FLYING,90,134,GROWTH_FAST,GENDER_F50,EGG_BUG,EGG_BUG,NO_ITEM,NO_ITEM,15,100
2,167,40,60,40,30,40,40,40,BUG,POISON,255,54,GROWTH_FAST,GENDER_F50,EGG_BUG,EGG_BUG,NO_ITEM,NO_ITEM,15,100
2,168,70,90,70,40,60,60,60,BUG,POISON,90,134,GROWTH_FAST,GENDER_F50,EGG_BUG,EGG_BUG,NO_ITEM,NO_ITEM,15,100
2,169,85,90,80,130,70,70,80,POISON,FLYING,90,204,GROWTH_MEDIUM_FAST,GENDER_F50,EGG_FLYING,EGG_FLYING,NO_ITEM,NO_ITEM,15,100
2,170,75,38,38,67,56,56,56,WATER,ELECTRIC,190,90,GROWTH_SLOW,GENDER_F50,EGG_WATER_2,EGG_WATER_2,NO_ITEM,NO_ITEM,20,100
2,171,125,58,58,67,76,76,76,WATER,ELECTRIC,75,156,GROWTH_SLOW,GENDER_F50,EGG_WATER_2,EGG_WATER_2,NO_ITEM,NO_ITEM,20,100
2,172,20,40,15,60,35,35,35,ELECTRIC,ELECTRIC,190,42,GROWTH_MEDIUM_FAST,GENDER_F50,EGG_NONE,EGG_NONE,NO_ITEM,BERRY,10,100
2,173,50,25,28,15,45,45,55,NORMAL,NORMAL,150,37,GROWTH_FAST,GENDER_F75,EGG_NONE,EGG_NONE,MYSTERYBERRY,MOON_STONE,10,100
2,174,90,30,15,15,40,40,20,NORMAL,NORMAL,170,39,GROWTH_FAST,GENDER_F75,EGG_NONE,EGG_NONE,NO_ITEM,NO_ITEM,10,100
2,175,35,20,65,20,40,40,65,NORMAL,NORMAL,190,74,GROWTH_FAST,GENDER_F12_5,EGG_NONE,EGG_NONE,NO_ITEM,NO_ITEM,10,100
2,176,55,40,85,40,80,80,105,NORMAL,FLYING,75,114,GROWTH_FAST,GENDER_F12_5,EGG_FLYING,EGG_FAIRY,NO_ITEM,NO_ITEM,10,100
2,177,40,50,45,70,70,70,45,PSYCHIC_TYPE,FLYING,190,73,GROWTH_MEDIUM_FAST,GENDER_F50,EGG_FLYING,EGG_FLYING,NO_ITEM,NO_ITEM,20,100
2,178,65,75,70,95,95,95,70,PSYCHIC_TYPE,FLYING,75,171,GROWTH_MEDIUM_FAST,GENDER_F50,EGG_FLYING,EGG_FLYING,NO_ITEM,NO_ITEM,20,100
2,179,55,40,40,35,65,65,45,ELECTRIC,ELECTRIC,235,59,GROWTH_MEDIUM_SLOW,GENDER_F50,EGG_MONSTER,EGG_GROUND,NO_ITEM,NO_ITEM,20,100
2,180,70,55,55,45,80,80,60,ELECTRIC,ELECTRIC,120,117,GROWTH_MEDIUM_SLOW,GENDER_F50,EGG_MONSTER,EGG_GROUND,NO_ITEM,NO_ITEM,20,100
2,181,90,75,75,55,115,115,90,ELECTRIC,ELECTRIC,45,194,GROWTH_MEDIUM_SLOW,GENDER_F50,EGG_MONSTER,EGG_GROUND,NO_ITEM,NO_ITEM,20,100
2,182,75,80,85,50,90,90,100,GRASS,GRASS,45,184,GROWTH_MEDIUM_SLOW,GENDER_F50,EGG_PLANT,EGG_PLANT,NO_ITEM,NO_ITEM,20,100
2,183,70,20,50,40,20,20,50,WATER,WATER,190,58,GROWTH_FAST,GENDER_F50,EGG_WATER_1,EGG_FAIRY,NO_ITEM,NO_ITEM,20,100
2,184,100,50,80,50,50,50,80,WATER,WATER,75,153,GROWTH_FAST,GENDER_F50,EGG_WATER_1,EGG_FAIRY,NO_ITEM,NO_ITEM,20,100
2,185,70,100,115,30,30,30,65,ROCK,ROCK,65,135,GROWTH_MEDIUM_FAST,GENDER_F50,EGG_MINERAL,EGG_MINERAL,NO_ITEM,NO_ITEM,20,100
2,186,90,75,75,70,90,90,100,WATER,WATER,45,185,GROWTH_MEDIUM_SLOW,GENDER_F50,EGG_WATER_1,EGG_WATER_1,NO_ITEM,KINGS_ROCK,20,100
2,187,35,35,40,50,35,35,55,GRASS,FLYING,255,74,GROWTH_MEDIUM_SLOW,GENDER_F50,EGG_FAIRY,EGG_PLANT,NO_ITEM,NO_ITEM,20,100
2,188,55,45,50,80,45,45,65,GRASS,FLYING,120,136,GROWTH_MEDIUM_SLOW,GENDER_F50,EGG_FAIRY,EGG_PLANT,NO_ITEM,NO_ITEM,20,100
2,189,75,55,70,110,55,55,85,GRASS,FLYING,45,176,GROWTH_MEDIUM_SLOW,GENDER_F50,EGG_FAIRY,EGG_PLANT,NO_ITEM,NO_ITEM,20,100
2,190,55,70,55,85,40,40,55,NORMAL,NORMAL,45,94,GROWTH_FAST,GENDER_F50,EGG_GROUND,EGG_GROUND,NO_ITEM,NO_ITEM,20,100
2,191,30,30,30,30,30,30,30,GRASS,GRASS,235,52,GROWTH_MEDIUM_SLOW,GENDER_F50,EGG_PLANT,EGG_PLANT,NO_ITEM,NO_ITEM,20,100
2,192,75,75,55,30,105,105,85,GRASS,GRASS,120,146,GROWTH_MEDIUM_SLOW,GENDER_F50,EGG_PLANT,EGG_PLANT,NO_ITEM,NO_ITEM,20,100
2,193,65,65,45,95,75,75,45,BUG,FLYING,75,147,GROWTH_MEDIUM_FAST,GENDER_F50,EGG_BUG,EGG_BUG,NO_ITEM,NO_ITEM,20,100
2,194,55,45,45,15,25,25,25,WATER,GROUND,255,52,GROWTH_MEDIUM_FAST,GENDER_F50,EGG_WATER_1,EGG_GROUND,NO_ITEM,NO_ITEM,20,100
2,195,95,85,85,35,65,65,65,WATER,GROUND,90,137,GROWTH_MEDIUM_FAST,GENDER_F50,EGG_WATER_1,EGG_GROUND,NO_ITEM,NO_ITEM,20,100
2,196,65,65,60,110,130,130,95,PSYCHIC_TYPE,PSYCHIC_TYPE,45,197,GROWTH_MEDIUM_FAST,GENDER_F12_5,EGG_GROUND,EGG_GROUND,NO_ITEM,NO_ITEM,35,100
2,197,95,65,110,65,60,60,130,DARK,DARK,45,197,GROWTH_MEDIUM_FAST,GENDER_F12_5,EGG_GROUND,EGG_GROUND,NO_ITEM,NO_ITEM,35,100
2,198,60,85,42,91,85,85,42,DARK,FLYING,30,107,GROWTH_MEDIUM_SLOW,GENDER_F50,EGG_FLYING,EGG_FLYING,NO_ITEM,NO_ITEM,20,100
2,199,95,75,80,30,100,100,110,WATER,PSYCHIC_TYPE,70,164,GROWTH_MEDIUM_FAST,GENDER_F50,EGG_MONSTER,EGG_WATER_1,NO_ITEM,KINGS_ROCK,20,100
2,200,60,60,60,85,85,85,85,GHOST,GHOST,45,147,GROWTH_FAST,GENDER_F50,EGG_INDETERMINATE,EGG_INDETERMINATE,NO_ITEM,SPELL_TAG,25,100
2,201,48,72,48,48,72,72,48,PSYCHIC_TYPE,PSYCHIC_TYPE,225,61,GROWTH_MEDIUM_FAST,GENDER_UNKNOWN,EGG_NONE,EGG_NONE,NO_ITEM,NO_ITEM,40,100
2,202,190,33,58,33,33,33,58,PSYCHIC_TYPE,PSYCHIC_TYPE,45,177,GROWTH_MEDIUM_FAST,GENDER_F50,EGG_INDETERMINATE,EGG_INDETERMINATE,NO_ITEM,NO_ITEM,20,100
2,203,70,80,65,85,90,90,65,NORMAL,PSYCHIC_TYPE,60,149,GROWTH_MEDIUM_FAST,GENDER_F50,EGG_GROUND,EGG_GROUND,NO_ITEM,NO_ITEM,20,100
2,204,50,65,90,15,35,35,35,BUG,BUG,190,60,GROWTH_MEDIUM_FAST,GENDER_F50,EGG_BUG,EGG_BUG,NO_ITEM,NO_ITEM,20,100
2,205,75,90,140,40,60,60,60,BUG,STEEL,75,118,GROWTH_MEDIUM_FAST,GENDER_F50,EGG_BUG,EGG_BUG,NO_ITEM,NO_ITEM,20,100
2,206,100,70,70,45,65,65,65,NORMAL,NORMAL,190,75,GROWTH_MEDIUM_FAST,GENDER_F50,EGG_GROUND,EGG_GROUND,NO_ITEM,NO_ITEM,20,100
2,207,65,75,105,85,35,35,65,GROUND,FLYING,60,108,GROWTH_MEDIUM_SLOW,GENDER_F50,EGG_BUG,EGG_BUG,NO_ITEM,NO_ITEM,20,100
2,208,75,85,200,30,55,55,65,STEEL,GROUND,25,196,GROWTH_MEDIUM_FAST,GENDER_F50,EGG_MINERAL,EGG_MINERAL,NO_ITEM,METAL_COAT,25,100
2,209,60,80,50,30,40,40,40,NORMAL,NORMAL,190,63,GROWTH_FAST,GENDER_F75,EGG_GROUND,EGG_FAIRY,NO_ITEM,NO_ITEM,20,100
2,210,90,120,75,45,60,60,60,NORMAL,NORMAL,75,178,GROWTH_FAST,GENDER_F75,EGG_GROUND,EGG_FAIRY,NO_ITEM,NO_ITEM,20,100
2,211,65,95,75,85,55,55,55,WATER,POISON,45,100,GROWTH_MEDIUM_FAST,GENDER_F50,EGG_WATER_2,EGG_WATER_2,NO_ITEM,NO_ITEM,20,100
2,212,70,130,100,65,55,55,80,BUG,STEEL,25,200,GROWTH_MEDIUM_FAST,GENDER_F50,EGG_BUG,EGG_BUG,NO_ITEM,NO_ITEM,25,100
2,213,20,10,230,05,10,10,230,BUG,ROCK,190,80,GROWTH_MEDIUM_SLOW,GENDER_F50,EGG_BUG,EGG_BUG,BERRY,BERRY,20,100
2,214,80,125,75,85,40,40,95,BUG,FIGHTING,45,200,GROWTH_SLOW,GENDER_F50,EGG_BUG,EGG_BUG,NO_ITEM,NO_ITEM,25,100
2,215,55,95,55,115,35,35,75,DARK,ICE,60,132,GROWTH_MEDIUM_SLOW,GENDER_F50,EGG_GROUND,EGG_GROUND,NO_ITEM,QUICK_CLAW,20,100
2,216,60,80,50,40,50,50,50,NORMAL,NORMAL,120,124,GROWTH_MEDIUM_FAST,GENDER_F50,EGG_GROUND,EGG_GROUND,NO_ITEM,NO_ITEM,20,100
2,217,90,130,75,55,75,75,75,NORMAL,NORMAL,60,189,GROWTH_MEDIUM_FAST,GENDER_F50,EGG_GROUND,EGG_GROUND,NO_ITEM,NO_ITEM,20,100
2,218,40,40,40,20,70,70,40,FIRE,FIRE,190,78,GROWTH_MEDIUM_FAST,GENDER_F50,EGG_INDETERMINATE,EGG_INDETERMINATE,NO_ITEM,NO_ITEM,20,100
2,219,50,50,120,30,80,80,80,FIRE,ROCK,75,154,GROWTH_MEDIUM_FAST,GENDER_F50,EGG_INDETERMINATE,EGG_INDETERMINATE,NO_ITEM,NO_ITEM,20,100
2,220,50,50,40,50,30,30,30,ICE,GROUND,225,78,GROWTH_SLOW,GENDER_F50,EGG_GROUND,EGG_GROUND,NO_ITEM,NO_ITEM,20,100
2,221,100,100,80,50,60,60,60,ICE,GROUND,75,160,GROWTH_SLOW,GENDER_F50,EGG_GROUND,EGG_GROUND,NO_ITEM,NO_ITEM,20,100
2,222,55,55,85,35,65,65,85,WATER,ROCK,60,113,GROWTH_FAST,GENDER_F75,EGG_WATER_1,EGG_WATER_3,NO_ITEM,NO_ITEM,20,100
2,223,35,65,35,65,65,65,35,WATER,WATER,190,78,GROWTH_MEDIUM_FAST,GENDER_F50,EGG_WATER_1,EGG_WATER_2,NO_ITEM,NO_ITEM,20,100
2,224,75,105,75,45,105,105,75,WATER,WATER,75,164,GROWTH_MEDIUM_FAST,GENDER_F50,EGG_WATER_1,EGG_WATER_2,NO_ITEM,NO_ITEM,20,100
2,225,45,55,45,75,65,65,45,ICE,FLYING,45,183,GROWTH_FAST,GENDER_F50,EGG_WATER_1,EGG_GROUND,NO_ITEM,NO_ITEM,20,100
2,226,65,40,70,70,80,80,140,WATER,FLYING,25,168,GROWTH_SLOW,GENDER_F50,EGG_WATER_1,EGG_WATER_1,NO_ITEM,NO_ITEM,25,100
2,227,65,80,140,70,40,40,70,STEEL,FLYING,25,168,GROWTH_SLOW,GENDER_F50,EGG_FLYING,EGG_FLYING,NO_ITEM,NO_ITEM,25,100
2,228,45,60,30,65,80,80,50,DARK,FIRE,120,114,GROWTH_SLOW,GENDER_F50,EGG_GROUND,EGG_GROUND,NO_ITEM,NO_ITEM,20,100
2,229,75,90,50,95,110,110,80,DARK,FIRE,45,204,GROWTH_SLOW,GENDER_F50,EGG_GROUND,EGG_GROUND,NO_ITEM,NO_ITEM,20,100
2,230,75,95,95,85,95,95,95,WATER,DRAGON,45,207,GROWTH_MEDIUM_FAST,GENDER_F50,EGG_WATER_1,EGG_DRAGON,NO_ITEM,DRAGON_SCALE,20,100
2,231,90,60,60,40,40,40,40,GROUND,GROUND,120,124,GROWTH_MEDIUM_FAST,GENDER_F50,EGG_GROUND,EGG_GROUND,NO_ITEM,NO_ITEM,20,100
2,232,90,120,120,50,60,60,60,GROUND,GROUND,60,189,GROWTH_MEDIUM_FAST,GENDER_F50,EGG_GROUND,EGG_GROUND,NO_ITEM,NO_ITEM,20,100
2,233,85,80,90,60,105,105,95,NORMAL,NORMAL,45,180,GROWTH_MEDIUM_FAST,GENDER_UNKNOWN,EGG_MINERAL,EGG_MINERAL,NO_ITEM,NO_ITEM,20,100
2,234,73,95,62,85,85,85,65,NORMAL,NORMAL,45,165,GROWTH_SLOW,GENDER_F50,EGG_GROUND,EGG_GROUND,NO_ITEM,NO_ITEM,20,100
2,235,55,20,35,75,20,20,45,NORMAL,NORMAL,45,106,GROWTH_FAST,GENDER_F50,EGG_GROUND,EGG_GROUND,NO_ITEM,NO_ITEM,20,100
2,236,35,35,35,35,35,35,35,FIGHTING,FIGHTING,75,91,GROWTH_MEDIUM_FAST,GENDER_F0,EGG_NONE,EGG_NONE,NO_ITEM,NO_ITEM,25,100
2,237,50,95,95,70,35,35,110,FIGHTING,FIGHTING,45,138,GROWTH_MEDIUM_FAST,GENDER_F0,EGG_HUMANSHAPE,EGG_HUMANSHAPE,NO_ITEM,NO_ITEM,25,100
2,238,45,30,15,65,85,85,65,ICE,PSYCHIC_TYPE,45,87,GROWTH_MEDIUM_FAST,GENDER_F100,EGG_NONE,EGG_NONE,ICE_BERRY,ICE_BERRY,25,100
2,239,45,63,37,95,65,65,55,ELECTRIC,ELECTRIC,45,106,GROWTH_MEDIUM_FAST,GENDER_F25,EGG_NONE,EGG_NONE,NO_ITEM,NO_ITEM,25,100
2,240,45,75,37,83,70,70,55,FIRE,FIRE,45,117,GROWTH_MEDIUM_FAST,GENDER_F25,EGG_NONE,EGG_NONE,BURNT_BERRY,BURNT_BERRY,25,100
2,241,95,80,105,100,40,40,70,NORMAL,NORMAL,45,200,GROWTH_SLOW,GENDER_F100,EGG_GROUND,EGG_GROUND,MOOMOO_MILK,MOOMOO_MILK,20,100
2,242,255,10,10,55,75,75,135,NORMAL,NORMAL,30,255,GROWTH_FAST,GENDER_F100,EGG_FAIRY,EGG_FAIRY,NO_ITEM,LUCKY_EGG,40,100
2,243,90,85,75,115,115,115,100,ELECTRIC,ELECTRIC,3,216,GROWTH_SLOW,GENDER_UNKNOWN,EGG_NONE,EGG_NONE,NO_ITEM,NO_ITEM,80,100
2,244,115,115,85,100,90,90,75,FIRE,FIRE,3,217,GROWTH_SLOW,GENDER_UNKNOWN,EGG_NONE,EGG_NONE,NO_ITEM,NO_ITEM,80,100
2,245,100,75,115,85,90,90,115,WATER,WATER,3,215,GROWTH_SLOW,GENDER_UNKNOWN,EGG_NONE,EGG_NONE,NO_ITEM,NO_ITEM,80,100
2,246,50,64,50,41,45,45,50,ROCK,GROUND,45,67,GROWTH_SLOW,GENDER_F50,EGG_MONSTER,EGG_MONSTER,NO_ITEM,NO_ITEM,40,100
2,247,70,84,70,51,65,65,70,ROCK,GROUND,45,144,GROWTH_SLOW,GENDER_F50,EGG_MONSTER,EGG_MONSTER,NO_ITEM,NO_ITEM,40,100
2,248,100,134,110,61,95,95,100,ROCK,DARK,45,218,GROWTH_SLOW,GENDER_F50,EGG_MONSTER,EGG_MONSTER,NO_ITEM,NO_ITEM,40,100
2,249,106,90,130,110,90,90,154,PSYCHIC_TYPE,FLYING,3,220,GROWTH_SLOW,GENDER_UNKNOWN,EGG_NONE,EGG_NONE,NO_ITEM,NO_ITEM,120,100
2,250,106,130,90,90,110,110,154,FIRE,FLYING,3,220,GROWTH_SLOW,GENDER_UNKNOWN,EGG_NONE,EGG_NONE,SACRED_ASH,SACRED_ASH,120,100
2,251,100,100,100,100,100,100,100,PSYCHIC_TYPE,GRASS,45,64,GROWTH_MEDIUM_SLOW,GENDER_UNKNOWN,EGG_NONE,EGG_NONE,NO_ITEM,MIRACLEBERRY,120,100
